2025-12-14T16:03:15.883+09:00  INFO 37772 --- [Dishcovery] [restartedMain] c.s.dishcovery.DishcoveryApplication     : Starting DishcoveryApplication using Java 17.0.9 with PID 37772 (/Users/chanwoo/Downloads/Dishcovery-Server/build/classes/java/main started by chanwoo in /Users/chanwoo/Desktop/파일/Narsha/Dishcovery-Server)
2025-12-14T16:03:15.884+09:00  INFO 37772 --- [Dishcovery] [restartedMain] c.s.dishcovery.DishcoveryApplication     : No active profile set, falling back to 1 default profile: "default"
2025-12-14T16:03:15.900+09:00  INFO 37772 --- [Dishcovery] [restartedMain] .e.DevToolsPropertyDefaultsPostProcessor : Devtools property defaults active! Set 'spring.devtools.add-properties' to 'false' to disable
2025-12-14T16:03:15.900+09:00  INFO 37772 --- [Dishcovery] [restartedMain] .e.DevToolsPropertyDefaultsPostProcessor : For additional web related logging consider setting the 'logging.level.web' property to 'DEBUG'
2025-12-14T16:03:16.355+09:00  INFO 37772 --- [Dishcovery] [restartedMain] o.s.b.w.embedded.tomcat.TomcatWebServer  : Tomcat initialized with port 9191 (http)
2025-12-14T16:03:16.361+09:00  INFO 37772 --- [Dishcovery] [restartedMain] o.apache.catalina.core.StandardService   : Starting service [Tomcat]
2025-12-14T16:03:16.361+09:00  INFO 37772 --- [Dishcovery] [restartedMain] o.apache.catalina.core.StandardEngine    : Starting Servlet engine: [Apache Tomcat/10.1.46]
2025-12-14T16:03:16.373+09:00  INFO 37772 --- [Dishcovery] [restartedMain] o.a.c.c.C.[Tomcat].[localhost].[/]       : Initializing Spring embedded WebApplicationContext
2025-12-14T16:03:16.373+09:00  INFO 37772 --- [Dishcovery] [restartedMain] w.s.c.ServletWebServerApplicationContext : Root WebApplicationContext: initialization completed in 473 ms
2025-12-14T16:03:16.762+09:00  INFO 37772 --- [Dishcovery] [restartedMain] .w.s.a.s.AnnotationActionEndpointMapping : Supporting [WS-Addressing August 2004, WS-Addressing 1.0]
2025-12-14T16:03:16.771+09:00  INFO 37772 --- [Dishcovery] [restartedMain] o.s.b.d.a.OptionalLiveReloadServer       : LiveReload server is running on port 35729
2025-12-14T16:03:16.784+09:00  INFO 37772 --- [Dishcovery] [restartedMain] o.s.b.w.embedded.tomcat.TomcatWebServer  : Tomcat started on port 9191 (http) with context path '/'
2025-12-14T16:03:16.788+09:00  INFO 37772 --- [Dishcovery] [restartedMain] c.s.dishcovery.DishcoveryApplication     : Started DishcoveryApplication in 1.057 seconds (process running for 1.25)
2025-12-14T16:03:22.601+09:00  INFO 37772 --- [Dishcovery] [http-nio-9191-exec-1] o.a.c.c.C.[Tomcat].[localhost].[/]       : Initializing Spring DispatcherServlet 'dispatcherServlet'
2025-12-14T16:03:22.601+09:00  INFO 37772 --- [Dishcovery] [http-nio-9191-exec-1] o.s.web.servlet.DispatcherServlet        : Initializing Servlet 'dispatcherServlet'
2025-12-14T16:03:22.602+09:00  INFO 37772 --- [Dishcovery] [http-nio-9191-exec-1] o.s.web.servlet.DispatcherServlet        : Completed initialization in 1 ms
2025-12-14T16:03:22.636+09:00  INFO 37772 --- [Dishcovery] [http-nio-9191-exec-1] com.zaxxer.hikari.HikariDataSource       : HikariPool-1 - Starting...
2025-12-14T16:03:22.709+09:00  INFO 37772 --- [Dishcovery] [http-nio-9191-exec-1] com.zaxxer.hikari.pool.HikariPool        : HikariPool-1 - Added connection com.mysql.cj.jdbc.ConnectionImpl@635284a0
2025-12-14T16:03:22.710+09:00  INFO 37772 --- [Dishcovery] [http-nio-9191-exec-1] com.zaxxer.hikari.HikariDataSource       : HikariPool-1 - Start completed.
2025-12-14T16:03:22.804+09:00  WARN 37772 --- [Dishcovery] [http-nio-9191-exec-1] actStandardFragmentInsertionTagProcessor : [THYMELEAF][http-nio-9191-exec-1][mainPage] Deprecated unwrapped fragment expression "fragments/header :: site-header" found in template mainPage, line 12, col 14. Please use the complete syntax of fragment expressions instead ("~{fragments/header :: site-header}"). The old, unwrapped syntax for fragment expressions will be removed in future versions of Thymeleaf.
2025-12-14T16:03:24.211+09:00  WARN 37772 --- [Dishcovery] [http-nio-9191-exec-9] actStandardFragmentInsertionTagProcessor : [THYMELEAF][http-nio-9191-exec-9][mainPage] Deprecated unwrapped fragment expression "fragments/header :: site-header" found in template mainPage, line 12, col 14. Please use the complete syntax of fragment expressions instead ("~{fragments/header :: site-header}"). The old, unwrapped syntax for fragment expressions will be removed in future versions of Thymeleaf.
2025-12-14T16:03:24.766+09:00  WARN 37772 --- [Dishcovery] [http-nio-9191-exec-4] actStandardFragmentInsertionTagProcessor : [THYMELEAF][http-nio-9191-exec-4][mainPage] Deprecated unwrapped fragment expression "fragments/header :: site-header" found in template mainPage, line 12, col 14. Please use the complete syntax of fragment expressions instead ("~{fragments/header :: site-header}"). The old, unwrapped syntax for fragment expressions will be removed in future versions of Thymeleaf.
2025-12-14T16:03:25.091+09:00  WARN 37772 --- [Dishcovery] [http-nio-9191-exec-2] actStandardFragmentInsertionTagProcessor : [THYMELEAF][http-nio-9191-exec-2][mainPage] Deprecated unwrapped fragment expression "fragments/header :: site-header" found in template mainPage, line 12, col 14. Please use the complete syntax of fragment expressions instead ("~{fragments/header :: site-header}"). The old, unwrapped syntax for fragment expressions will be removed in future versions of Thymeleaf.
2025-12-14T16:03:25.346+09:00  WARN 37772 --- [Dishcovery] [http-nio-9191-exec-10] actStandardFragmentInsertionTagProcessor : [THYMELEAF][http-nio-9191-exec-10][mainPage] Deprecated unwrapped fragment expression "fragments/header :: site-header" found in template mainPage, line 12, col 14. Please use the complete syntax of fragment expressions instead ("~{fragments/header :: site-header}"). The old, unwrapped syntax for fragment expressions will be removed in future versions of Thymeleaf.
2025-12-14T16:03:25.579+09:00  WARN 37772 --- [Dishcovery] [http-nio-9191-exec-9] actStandardFragmentInsertionTagProcessor : [THYMELEAF][http-nio-9191-exec-9][mainPage] Deprecated unwrapped fragment expression "fragments/header :: site-header" found in template mainPage, line 12, col 14. Please use the complete syntax of fragment expressions instead ("~{fragments/header :: site-header}"). The old, unwrapped syntax for fragment expressions will be removed in future versions of Thymeleaf.
2025-12-14T16:03:25.846+09:00  WARN 37772 --- [Dishcovery] [http-nio-9191-exec-6] actStandardFragmentInsertionTagProcessor : [THYMELEAF][http-nio-9191-exec-6][mainPage] Deprecated unwrapped fragment expression "fragments/header :: site-header" found in template mainPage, line 12, col 14. Please use the complete syntax of fragment expressions instead ("~{fragments/header :: site-header}"). The old, unwrapped syntax for fragment expressions will be removed in future versions of Thymeleaf.
2025-12-14T16:03:26.130+09:00  WARN 37772 --- [Dishcovery] [http-nio-9191-exec-5] actStandardFragmentInsertionTagProcessor : [THYMELEAF][http-nio-9191-exec-5][mainPage] Deprecated unwrapped fragment expression "fragments/header :: site-header" found in template mainPage, line 12, col 14. Please use the complete syntax of fragment expressions instead ("~{fragments/header :: site-header}"). The old, unwrapped syntax for fragment expressions will be removed in future versions of Thymeleaf.
2025-12-14T16:03:26.376+09:00  WARN 37772 --- [Dishcovery] [http-nio-9191-exec-4] actStandardFragmentInsertionTagProcessor : [THYMELEAF][http-nio-9191-exec-4][mainPage] Deprecated unwrapped fragment expression "fragments/header :: site-header" found in template mainPage, line 12, col 14. Please use the complete syntax of fragment expressions instead ("~{fragments/header :: site-header}"). The old, unwrapped syntax for fragment expressions will be removed in future versions of Thymeleaf.
2025-12-14T16:03:31.962+09:00  WARN 37772 --- [Dishcovery] [http-nio-9191-exec-5] actStandardFragmentInsertionTagProcessor : [THYMELEAF][http-nio-9191-exec-5][mainPage] Deprecated unwrapped fragment expression "fragments/header :: site-header" found in template mainPage, line 12, col 14. Please use the complete syntax of fragment expressions instead ("~{fragments/header :: site-header}"). The old, unwrapped syntax for fragment expressions will be removed in future versions of Thymeleaf.
2025-12-14T16:03:40.009+09:00  WARN 37772 --- [Dishcovery] [http-nio-9191-exec-5] actStandardFragmentInsertionTagProcessor : [THYMELEAF][http-nio-9191-exec-5][mainPage] Deprecated unwrapped fragment expression "fragments/header :: site-header" found in template mainPage, line 12, col 14. Please use the complete syntax of fragment expressions instead ("~{fragments/header :: site-header}"). The old, unwrapped syntax for fragment expressions will be removed in future versions of Thymeleaf.
2025-12-14T16:03:43.667+09:00  WARN 37772 --- [Dishcovery] [http-nio-9191-exec-2] actStandardFragmentInsertionTagProcessor : [THYMELEAF][http-nio-9191-exec-2][mainPage] Deprecated unwrapped fragment expression "fragments/header :: site-header" found in template mainPage, line 12, col 14. Please use the complete syntax of fragment expressions instead ("~{fragments/header :: site-header}"). The old, unwrapped syntax for fragment expressions will be removed in future versions of Thymeleaf.
2025-12-14T16:07:51.762+09:00  INFO 37772 --- [Dishcovery] [SpringApplicationShutdownHook] o.s.b.w.e.tomcat.GracefulShutdown        : Commencing graceful shutdown. Waiting for active requests to complete
2025-12-14T16:07:51.768+09:00  INFO 37772 --- [Dishcovery] [tomcat-shutdown] o.s.b.w.e.tomcat.GracefulShutdown        : Graceful shutdown complete
2025-12-14T16:07:51.775+09:00  INFO 37772 --- [Dishcovery] [SpringApplicationShutdownHook] com.zaxxer.hikari.HikariDataSource       : HikariPool-1 - Shutdown initiated...
2025-12-14T16:07:51.780+09:00  INFO 37772 --- [Dishcovery] [SpringApplicationShutdownHook] com.zaxxer.hikari.HikariDataSource       : HikariPool-1 - Shutdown completed.
2025-12-14T16:07:52.989+09:00  INFO 37898 --- [Dishcovery] [restartedMain] c.s.dishcovery.DishcoveryApplication     : Starting DishcoveryApplication using Java 17.0.9 with PID 37898 (/Users/chanwoo/Downloads/Dishcovery-Server/build/classes/java/main started by chanwoo in /Users/chanwoo/Desktop/파일/Narsha/Dishcovery-Server)
2025-12-14T16:07:52.989+09:00  INFO 37898 --- [Dishcovery] [restartedMain] c.s.dishcovery.DishcoveryApplication     : No active profile set, falling back to 1 default profile: "default"
2025-12-14T16:07:53.005+09:00  INFO 37898 --- [Dishcovery] [restartedMain] .e.DevToolsPropertyDefaultsPostProcessor : Devtools property defaults active! Set 'spring.devtools.add-properties' to 'false' to disable
2025-12-14T16:07:53.005+09:00  INFO 37898 --- [Dishcovery] [restartedMain] .e.DevToolsPropertyDefaultsPostProcessor : For additional web related logging consider setting the 'logging.level.web' property to 'DEBUG'
2025-12-14T16:07:53.394+09:00  INFO 37898 --- [Dishcovery] [restartedMain] o.s.b.w.embedded.tomcat.TomcatWebServer  : Tomcat initialized with port 9191 (http)
2025-12-14T16:07:53.399+09:00  INFO 37898 --- [Dishcovery] [restartedMain] o.apache.catalina.core.StandardService   : Starting service [Tomcat]
2025-12-14T16:07:53.399+09:00  INFO 37898 --- [Dishcovery] [restartedMain] o.apache.catalina.core.StandardEngine    : Starting Servlet engine: [Apache Tomcat/10.1.46]
2025-12-14T16:07:53.411+09:00  INFO 37898 --- [Dishcovery] [restartedMain] o.a.c.c.C.[Tomcat].[localhost].[/]       : Initializing Spring embedded WebApplicationContext
2025-12-14T16:07:53.411+09:00  INFO 37898 --- [Dishcovery] [restartedMain] w.s.c.ServletWebServerApplicationContext : Root WebApplicationContext: initialization completed in 406 ms
2025-12-14T16:07:53.772+09:00  INFO 37898 --- [Dishcovery] [restartedMain] .w.s.a.s.AnnotationActionEndpointMapping : Supporting [WS-Addressing August 2004, WS-Addressing 1.0]
2025-12-14T16:07:53.780+09:00  INFO 37898 --- [Dishcovery] [restartedMain] o.s.b.d.a.OptionalLiveReloadServer       : LiveReload server is running on port 35729
2025-12-14T16:07:53.794+09:00  INFO 37898 --- [Dishcovery] [restartedMain] o.s.b.w.embedded.tomcat.TomcatWebServer  : Tomcat started on port 9191 (http) with context path '/'
2025-12-14T16:07:53.799+09:00  INFO 37898 --- [Dishcovery] [restartedMain] c.s.dishcovery.DishcoveryApplication     : Started DishcoveryApplication in 0.954 seconds (process running for 1.154)
2025-12-14T16:07:59.329+09:00  INFO 37898 --- [Dishcovery] [http-nio-9191-exec-1] o.a.c.c.C.[Tomcat].[localhost].[/]       : Initializing Spring DispatcherServlet 'dispatcherServlet'
2025-12-14T16:07:59.330+09:00  INFO 37898 --- [Dishcovery] [http-nio-9191-exec-1] o.s.web.servlet.DispatcherServlet        : Initializing Servlet 'dispatcherServlet'
2025-12-14T16:07:59.331+09:00  INFO 37898 --- [Dishcovery] [http-nio-9191-exec-1] o.s.web.servlet.DispatcherServlet        : Completed initialization in 1 ms
2025-12-14T16:07:59.360+09:00  INFO 37898 --- [Dishcovery] [http-nio-9191-exec-1] com.zaxxer.hikari.HikariDataSource       : HikariPool-1 - Starting...
2025-12-14T16:07:59.408+09:00  INFO 37898 --- [Dishcovery] [http-nio-9191-exec-1] com.zaxxer.hikari.pool.HikariPool        : HikariPool-1 - Added connection com.mysql.cj.jdbc.ConnectionImpl@db247bc
2025-12-14T16:07:59.408+09:00  INFO 37898 --- [Dishcovery] [http-nio-9191-exec-1] com.zaxxer.hikari.HikariDataSource       : HikariPool-1 - Start completed.
2025-12-14T16:07:59.496+09:00  WARN 37898 --- [Dishcovery] [http-nio-9191-exec-1] actStandardFragmentInsertionTagProcessor : [THYMELEAF][http-nio-9191-exec-1][mainPage] Deprecated unwrapped fragment expression "fragments/header :: site-header" found in template mainPage, line 12, col 14. Please use the complete syntax of fragment expressions instead ("~{fragments/header :: site-header}"). The old, unwrapped syntax for fragment expressions will be removed in future versions of Thymeleaf.
2025-12-14T16:09:32.484+09:00  INFO 37898 --- [Dishcovery] [SpringApplicationShutdownHook] o.s.b.w.e.tomcat.GracefulShutdown        : Commencing graceful shutdown. Waiting for active requests to complete
2025-12-14T16:09:32.489+09:00  INFO 37898 --- [Dishcovery] [tomcat-shutdown] o.s.b.w.e.tomcat.GracefulShutdown        : Graceful shutdown complete
2025-12-14T16:09:32.492+09:00  INFO 37898 --- [Dishcovery] [SpringApplicationShutdownHook] com.zaxxer.hikari.HikariDataSource       : HikariPool-1 - Shutdown initiated...
2025-12-14T16:09:32.497+09:00  INFO 37898 --- [Dishcovery] [SpringApplicationShutdownHook] com.zaxxer.hikari.HikariDataSource       : HikariPool-1 - Shutdown completed.
2025-12-14T16:09:36.842+09:00  INFO 37941 --- [Dishcovery] [restartedMain] c.s.dishcovery.DishcoveryApplication     : Starting DishcoveryApplication using Java 17.0.9 with PID 37941 (/Users/chanwoo/Downloads/Dishcovery-Server/build/classes/java/main started by chanwoo in /Users/chanwoo/Desktop/파일/Narsha/Dishcovery-Server)
2025-12-14T16:09:36.843+09:00  INFO 37941 --- [Dishcovery] [restartedMain] c.s.dishcovery.DishcoveryApplication     : No active profile set, falling back to 1 default profile: "default"
2025-12-14T16:09:36.862+09:00  INFO 37941 --- [Dishcovery] [restartedMain] .e.DevToolsPropertyDefaultsPostProcessor : Devtools property defaults active! Set 'spring.devtools.add-properties' to 'false' to disable
2025-12-14T16:09:36.862+09:00  INFO 37941 --- [Dishcovery] [restartedMain] .e.DevToolsPropertyDefaultsPostProcessor : For additional web related logging consider setting the 'logging.level.web' property to 'DEBUG'
2025-12-14T16:09:37.257+09:00  INFO 37941 --- [Dishcovery] [restartedMain] o.s.b.w.embedded.tomcat.TomcatWebServer  : Tomcat initialized with port 9191 (http)
2025-12-14T16:09:37.262+09:00  INFO 37941 --- [Dishcovery] [restartedMain] o.apache.catalina.core.StandardService   : Starting service [Tomcat]
2025-12-14T16:09:37.262+09:00  INFO 37941 --- [Dishcovery] [restartedMain] o.apache.catalina.core.StandardEngine    : Starting Servlet engine: [Apache Tomcat/10.1.46]
2025-12-14T16:09:37.275+09:00  INFO 37941 --- [Dishcovery] [restartedMain] o.a.c.c.C.[Tomcat].[localhost].[/]       : Initializing Spring embedded WebApplicationContext
2025-12-14T16:09:37.275+09:00  INFO 37941 --- [Dishcovery] [restartedMain] w.s.c.ServletWebServerApplicationContext : Root WebApplicationContext: initialization completed in 413 ms
2025-12-14T16:09:37.678+09:00  INFO 37941 --- [Dishcovery] [restartedMain] .w.s.a.s.AnnotationActionEndpointMapping : Supporting [WS-Addressing August 2004, WS-Addressing 1.0]
2025-12-14T16:09:37.687+09:00  INFO 37941 --- [Dishcovery] [restartedMain] o.s.b.d.a.OptionalLiveReloadServer       : LiveReload server is running on port 35729
2025-12-14T16:09:37.700+09:00  INFO 37941 --- [Dishcovery] [restartedMain] o.s.b.w.embedded.tomcat.TomcatWebServer  : Tomcat started on port 9191 (http) with context path '/'
2025-12-14T16:09:37.705+09:00  INFO 37941 --- [Dishcovery] [restartedMain] c.s.dishcovery.DishcoveryApplication     : Started DishcoveryApplication in 1.01 seconds (process running for 1.503)
2025-12-14T16:10:09.695+09:00  INFO 37941 --- [Dishcovery] [http-nio-9191-exec-1] o.a.c.c.C.[Tomcat].[localhost].[/]       : Initializing Spring DispatcherServlet 'dispatcherServlet'
2025-12-14T16:10:09.696+09:00  INFO 37941 --- [Dishcovery] [http-nio-9191-exec-1] o.s.web.servlet.DispatcherServlet        : Initializing Servlet 'dispatcherServlet'
2025-12-14T16:10:09.697+09:00  INFO 37941 --- [Dishcovery] [http-nio-9191-exec-1] o.s.web.servlet.DispatcherServlet        : Completed initialization in 1 ms
2025-12-14T16:10:09.730+09:00  INFO 37941 --- [Dishcovery] [http-nio-9191-exec-1] com.zaxxer.hikari.HikariDataSource       : HikariPool-1 - Starting...
2025-12-14T16:10:09.788+09:00  INFO 37941 --- [Dishcovery] [http-nio-9191-exec-1] com.zaxxer.hikari.pool.HikariPool        : HikariPool-1 - Added connection com.mysql.cj.jdbc.ConnectionImpl@17f8171a
2025-12-14T16:10:09.789+09:00  INFO 37941 --- [Dishcovery] [http-nio-9191-exec-1] com.zaxxer.hikari.HikariDataSource       : HikariPool-1 - Start completed.
2025-12-14T16:10:09.882+09:00  WARN 37941 --- [Dishcovery] [http-nio-9191-exec-1] actStandardFragmentInsertionTagProcessor : [THYMELEAF][http-nio-9191-exec-1][mainPage] Deprecated unwrapped fragment expression "fragments/header :: site-header" found in template mainPage, line 12, col 14. Please use the complete syntax of fragment expressions instead ("~{fragments/header :: site-header}"). The old, unwrapped syntax for fragment expressions will be removed in future versions of Thymeleaf.
2025-12-14T16:10:10.549+09:00  WARN 37941 --- [Dishcovery] [http-nio-9191-exec-9] actStandardFragmentInsertionTagProcessor : [THYMELEAF][http-nio-9191-exec-9][recipe/RecipeDetail] Deprecated unwrapped fragment expression "fragments/header :: site-header" found in template recipe/RecipeDetail, line 12, col 8. Please use the complete syntax of fragment expressions instead ("~{fragments/header :: site-header}"). The old, unwrapped syntax for fragment expressions will be removed in future versions of Thymeleaf.
2025-12-14T16:13:59.640+09:00  INFO 37941 --- [Dishcovery] [SpringApplicationShutdownHook] o.s.b.w.e.tomcat.GracefulShutdown        : Commencing graceful shutdown. Waiting for active requests to complete
2025-12-14T16:13:59.645+09:00  INFO 37941 --- [Dishcovery] [tomcat-shutdown] o.s.b.w.e.tomcat.GracefulShutdown        : Graceful shutdown complete
2025-12-14T16:13:59.649+09:00  INFO 37941 --- [Dishcovery] [SpringApplicationShutdownHook] com.zaxxer.hikari.HikariDataSource       : HikariPool-1 - Shutdown initiated...
2025-12-14T16:13:59.653+09:00  INFO 37941 --- [Dishcovery] [SpringApplicationShutdownHook] com.zaxxer.hikari.HikariDataSource       : HikariPool-1 - Shutdown completed.
2025-12-14T16:14:01.256+09:00  INFO 38085 --- [Dishcovery] [restartedMain] c.s.dishcovery.DishcoveryApplication     : Starting DishcoveryApplication using Java 17.0.9 with PID 38085 (/Users/chanwoo/Downloads/Dishcovery-Server/build/classes/java/main started by chanwoo in /Users/chanwoo/Desktop/파일/Narsha/Dishcovery-Server)
2025-12-14T16:14:01.259+09:00  INFO 38085 --- [Dishcovery] [restartedMain] c.s.dishcovery.DishcoveryApplication     : No active profile set, falling back to 1 default profile: "default"
2025-12-14T16:14:04.236+09:00  INFO 38085 --- [Dishcovery] [restartedMain] .e.DevToolsPropertyDefaultsPostProcessor : Devtools property defaults active! Set 'spring.devtools.add-properties' to 'false' to disable
2025-12-14T16:14:04.237+09:00  INFO 38085 --- [Dishcovery] [restartedMain] .e.DevToolsPropertyDefaultsPostProcessor : For additional web related logging consider setting the 'logging.level.web' property to 'DEBUG'
2025-12-14T16:14:04.711+09:00  INFO 38085 --- [Dishcovery] [restartedMain] o.s.b.w.embedded.tomcat.TomcatWebServer  : Tomcat initialized with port 9191 (http)
2025-12-14T16:14:04.731+09:00  INFO 38085 --- [Dishcovery] [restartedMain] w.s.c.ServletWebServerApplicationContext : Root WebApplicationContext: initialization completed in 494 ms
2025-12-14T16:14:05.181+09:00  INFO 38085 --- [Dishcovery] [restartedMain] .w.s.a.s.AnnotationActionEndpointMapping : Supporting [WS-Addressing August 2004, WS-Addressing 1.0]
2025-12-14T16:14:05.191+09:00  INFO 38085 --- [Dishcovery] [restartedMain] o.s.b.d.a.OptionalLiveReloadServer       : LiveReload server is running on port 35729
2025-12-14T16:14:05.204+09:00  INFO 38085 --- [Dishcovery] [restartedMain] o.s.b.w.embedded.tomcat.TomcatWebServer  : Tomcat started on port 9191 (http) with context path '/'
2025-12-14T16:14:05.208+09:00  INFO 38085 --- [Dishcovery] [restartedMain] c.s.dishcovery.DishcoveryApplication     : Started DishcoveryApplication in 4.154 seconds (process running for 4.597)
2025-12-14T16:14:05.208+09:00  INFO 38085 --- [Dishcovery] [SpringApplicationShutdownHook] o.s.b.w.e.tomcat.GracefulShutdown        : Commencing graceful shutdown. Waiting for active requests to complete
2025-12-14T16:14:05.212+09:00  INFO 38085 --- [Dishcovery] [tomcat-shutdown] o.s.b.w.e.tomcat.GracefulShutdown        : Graceful shutdown complete
2025-12-14T16:14:07.147+09:00  INFO 38097 --- [Dishcovery] [restartedMain] c.s.dishcovery.DishcoveryApplication     : Starting DishcoveryApplication using Java 17.0.9 with PID 38097 (/Users/chanwoo/Downloads/Dishcovery-Server/build/classes/java/main started by chanwoo in /Users/chanwoo/Desktop/파일/Narsha/Dishcovery-Server)
2025-12-14T16:14:07.148+09:00  INFO 38097 --- [Dishcovery] [restartedMain] c.s.dishcovery.DishcoveryApplication     : No active profile set, falling back to 1 default profile: "default"
2025-12-14T16:14:07.162+09:00  INFO 38097 --- [Dishcovery] [restartedMain] .e.DevToolsPropertyDefaultsPostProcessor : Devtools property defaults active! Set 'spring.devtools.add-properties' to 'false' to disable
2025-12-14T16:14:07.163+09:00  INFO 38097 --- [Dishcovery] [restartedMain] .e.DevToolsPropertyDefaultsPostProcessor : For additional web related logging consider setting the 'logging.level.web' property to 'DEBUG'
2025-12-14T16:14:07.513+09:00  INFO 38097 --- [Dishcovery] [restartedMain] o.s.b.w.embedded.tomcat.TomcatWebServer  : Tomcat initialized with port 9191 (http)
2025-12-14T16:14:07.517+09:00  INFO 38097 --- [Dishcovery] [restartedMain] o.apache.catalina.core.StandardService   : Starting service [Tomcat]
2025-12-14T16:14:07.517+09:00  INFO 38097 --- [Dishcovery] [restartedMain] o.apache.catalina.core.StandardEngine    : Starting Servlet engine: [Apache Tomcat/10.1.46]
2025-12-14T16:14:07.528+09:00  INFO 38097 --- [Dishcovery] [restartedMain] o.a.c.c.C.[Tomcat].[localhost].[/]       : Initializing Spring embedded WebApplicationContext
2025-12-14T16:14:07.529+09:00  INFO 38097 --- [Dishcovery] [restartedMain] w.s.c.ServletWebServerApplicationContext : Root WebApplicationContext: initialization completed in 366 ms
2025-12-14T16:14:07.892+09:00  INFO 38097 --- [Dishcovery] [restartedMain] .w.s.a.s.AnnotationActionEndpointMapping : Supporting [WS-Addressing August 2004, WS-Addressing 1.0]
2025-12-14T16:14:07.900+09:00  INFO 38097 --- [Dishcovery] [restartedMain] o.s.b.d.a.OptionalLiveReloadServer       : LiveReload server is running on port 35729
2025-12-14T16:14:07.913+09:00  INFO 38097 --- [Dishcovery] [restartedMain] o.s.b.w.embedded.tomcat.TomcatWebServer  : Tomcat started on port 9191 (http) with context path '/'
2025-12-14T16:14:07.917+09:00  INFO 38097 --- [Dishcovery] [restartedMain] c.s.dishcovery.DishcoveryApplication     : Started DishcoveryApplication in 0.901 seconds (process running for 1.08)
2025-12-14T16:14:13.390+09:00  INFO 38097 --- [Dishcovery] [http-nio-9191-exec-1] o.a.c.c.C.[Tomcat].[localhost].[/]       : Initializing Spring DispatcherServlet 'dispatcherServlet'
2025-12-14T16:14:13.391+09:00  INFO 38097 --- [Dishcovery] [http-nio-9191-exec-1] o.s.web.servlet.DispatcherServlet        : Initializing Servlet 'dispatcherServlet'
2025-12-14T16:14:13.392+09:00  INFO 38097 --- [Dishcovery] [http-nio-9191-exec-1] o.s.web.servlet.DispatcherServlet        : Completed initialization in 1 ms
2025-12-14T16:14:13.427+09:00  INFO 38097 --- [Dishcovery] [http-nio-9191-exec-1] com.zaxxer.hikari.HikariDataSource       : HikariPool-1 - Starting...
2025-12-14T16:14:13.479+09:00  INFO 38097 --- [Dishcovery] [http-nio-9191-exec-1] com.zaxxer.hikari.pool.HikariPool        : HikariPool-1 - Added connection com.mysql.cj.jdbc.ConnectionImpl@106c1262
2025-12-14T16:14:13.480+09:00  INFO 38097 --- [Dishcovery] [http-nio-9191-exec-1] com.zaxxer.hikari.HikariDataSource       : HikariPool-1 - Start completed.
2025-12-14T16:14:13.565+09:00  WARN 38097 --- [Dishcovery] [http-nio-9191-exec-1] actStandardFragmentInsertionTagProcessor : [THYMELEAF][http-nio-9191-exec-1][mainPage] Deprecated unwrapped fragment expression "fragments/header :: site-header" found in template mainPage, line 12, col 14. Please use the complete syntax of fragment expressions instead ("~{fragments/header :: site-header}"). The old, unwrapped syntax for fragment expressions will be removed in future versions of Thymeleaf.
2025-12-14T16:14:14.945+09:00  WARN 38097 --- [Dishcovery] [http-nio-9191-exec-7] actStandardFragmentInsertionTagProcessor : [THYMELEAF][http-nio-9191-exec-7][mainPage] Deprecated unwrapped fragment expression "fragments/header :: site-header" found in template mainPage, line 12, col 14. Please use the complete syntax of fragment expressions instead ("~{fragments/header :: site-header}"). The old, unwrapped syntax for fragment expressions will be removed in future versions of Thymeleaf.
2025-12-14T16:14:16.010+09:00  WARN 38097 --- [Dishcovery] [http-nio-9191-exec-6] actStandardFragmentInsertionTagProcessor : [THYMELEAF][http-nio-9191-exec-6][mainPage] Deprecated unwrapped fragment expression "fragments/header :: site-header" found in template mainPage, line 12, col 14. Please use the complete syntax of fragment expressions instead ("~{fragments/header :: site-header}"). The old, unwrapped syntax for fragment expressions will be removed in future versions of Thymeleaf.
2025-12-14T16:14:16.709+09:00  WARN 38097 --- [Dishcovery] [http-nio-9191-exec-8] actStandardFragmentInsertionTagProcessor : [THYMELEAF][http-nio-9191-exec-8][recipe/RecipeDetail] Deprecated unwrapped fragment expression "fragments/header :: site-header" found in template recipe/RecipeDetail, line 12, col 8. Please use the complete syntax of fragment expressions instead ("~{fragments/header :: site-header}"). The old, unwrapped syntax for fragment expressions will be removed in future versions of Thymeleaf.
2025-12-14T16:14:20.111+09:00  WARN 38097 --- [Dishcovery] [http-nio-9191-exec-2] actStandardFragmentInsertionTagProcessor : [THYMELEAF][http-nio-9191-exec-2][mainPage] Deprecated unwrapped fragment expression "fragments/header :: site-header" found in template mainPage, line 12, col 14. Please use the complete syntax of fragment expressions instead ("~{fragments/header :: site-header}"). The old, unwrapped syntax for fragment expressions will be removed in future versions of Thymeleaf.
2025-12-14T16:14:20.594+09:00  WARN 38097 --- [Dishcovery] [http-nio-9191-exec-4] actStandardFragmentInsertionTagProcessor : [THYMELEAF][http-nio-9191-exec-4][recipe/RecipeDetail] Deprecated unwrapped fragment expression "fragments/header :: site-header" found in template recipe/RecipeDetail, line 12, col 8. Please use the complete syntax of fragment expressions instead ("~{fragments/header :: site-header}"). The old, unwrapped syntax for fragment expressions will be removed in future versions of Thymeleaf.
2025-12-14T16:26:51.131+09:00  INFO 38097 --- [Dishcovery] [SpringApplicationShutdownHook] o.s.b.w.e.tomcat.GracefulShutdown        : Commencing graceful shutdown. Waiting for active requests to complete
2025-12-14T16:26:51.136+09:00  INFO 38097 --- [Dishcovery] [tomcat-shutdown] o.s.b.w.e.tomcat.GracefulShutdown        : Graceful shutdown complete
2025-12-14T16:26:51.140+09:00  INFO 38097 --- [Dishcovery] [SpringApplicationShutdownHook] com.zaxxer.hikari.HikariDataSource       : HikariPool-1 - Shutdown initiated...
2025-12-14T16:26:51.147+09:00  INFO 38097 --- [Dishcovery] [SpringApplicationShutdownHook] com.zaxxer.hikari.HikariDataSource       : HikariPool-1 - Shutdown completed.
2025-12-14T17:58:45.379+09:00  INFO 39013 --- [Dishcovery] [restartedMain] c.s.dishcovery.DishcoveryApplication     : Starting DishcoveryApplication using Java 17.0.9 with PID 39013 (/Users/chanwoo/Downloads/Dishcovery-Server/build/classes/java/main started by chanwoo in /Users/chanwoo/Desktop/파일/Narsha/Dishcovery-Server)
2025-12-14T17:58:45.380+09:00  INFO 39013 --- [Dishcovery] [restartedMain] c.s.dishcovery.DishcoveryApplication     : No active profile set, falling back to 1 default profile: "default"
2025-12-14T17:58:45.395+09:00  INFO 39013 --- [Dishcovery] [restartedMain] .e.DevToolsPropertyDefaultsPostProcessor : Devtools property defaults active! Set 'spring.devtools.add-properties' to 'false' to disable
2025-12-14T17:58:45.395+09:00  INFO 39013 --- [Dishcovery] [restartedMain] .e.DevToolsPropertyDefaultsPostProcessor : For additional web related logging consider setting the 'logging.level.web' property to 'DEBUG'
2025-12-14T17:58:45.818+09:00  INFO 39013 --- [Dishcovery] [restartedMain] o.s.b.w.embedded.tomcat.TomcatWebServer  : Tomcat initialized with port 9191 (http)
2025-12-14T17:58:45.824+09:00  INFO 39013 --- [Dishcovery] [restartedMain] o.apache.catalina.core.StandardService   : Starting service [Tomcat]
2025-12-14T17:58:45.824+09:00  INFO 39013 --- [Dishcovery] [restartedMain] o.apache.catalina.core.StandardEngine    : Starting Servlet engine: [Apache Tomcat/10.1.46]
2025-12-14T17:58:45.837+09:00  INFO 39013 --- [Dishcovery] [restartedMain] o.a.c.c.C.[Tomcat].[localhost].[/]       : Initializing Spring embedded WebApplicationContext
2025-12-14T17:58:45.837+09:00  INFO 39013 --- [Dishcovery] [restartedMain] w.s.c.ServletWebServerApplicationContext : Root WebApplicationContext: initialization completed in 442 ms
2025-12-14T17:58:46.236+09:00  INFO 39013 --- [Dishcovery] [restartedMain] .w.s.a.s.AnnotationActionEndpointMapping : Supporting [WS-Addressing August 2004, WS-Addressing 1.0]
2025-12-14T17:58:46.245+09:00  INFO 39013 --- [Dishcovery] [restartedMain] o.s.b.d.a.OptionalLiveReloadServer       : LiveReload server is running on port 35729
2025-12-14T17:58:46.259+09:00  INFO 39013 --- [Dishcovery] [restartedMain] o.s.b.w.embedded.tomcat.TomcatWebServer  : Tomcat started on port 9191 (http) with context path '/'
2025-12-14T17:58:46.263+09:00  INFO 39013 --- [Dishcovery] [restartedMain] c.s.dishcovery.DishcoveryApplication     : Started DishcoveryApplication in 1.03 seconds (process running for 1.328)
2025-12-14T17:58:54.509+09:00  INFO 39013 --- [Dishcovery] [http-nio-9191-exec-1] o.a.c.c.C.[Tomcat].[localhost].[/]       : Initializing Spring DispatcherServlet 'dispatcherServlet'
2025-12-14T17:58:54.510+09:00  INFO 39013 --- [Dishcovery] [http-nio-9191-exec-1] o.s.web.servlet.DispatcherServlet        : Initializing Servlet 'dispatcherServlet'
2025-12-14T17:58:54.512+09:00  INFO 39013 --- [Dishcovery] [http-nio-9191-exec-1] o.s.web.servlet.DispatcherServlet        : Completed initialization in 2 ms
2025-12-14T17:58:54.555+09:00  INFO 39013 --- [Dishcovery] [http-nio-9191-exec-1] com.zaxxer.hikari.HikariDataSource       : HikariPool-1 - Starting...
2025-12-14T17:58:54.630+09:00  INFO 39013 --- [Dishcovery] [http-nio-9191-exec-1] com.zaxxer.hikari.pool.HikariPool        : HikariPool-1 - Added connection com.mysql.cj.jdbc.ConnectionImpl@224b2888
2025-12-14T17:58:54.631+09:00  INFO 39013 --- [Dishcovery] [http-nio-9191-exec-1] com.zaxxer.hikari.HikariDataSource       : HikariPool-1 - Start completed.
2025-12-14T17:58:54.725+09:00  WARN 39013 --- [Dishcovery] [http-nio-9191-exec-1] actStandardFragmentInsertionTagProcessor : [THYMELEAF][http-nio-9191-exec-1][mainPage] Deprecated unwrapped fragment expression "fragments/header :: site-header" found in template mainPage, line 12, col 14. Please use the complete syntax of fragment expressions instead ("~{fragments/header :: site-header}"). The old, unwrapped syntax for fragment expressions will be removed in future versions of Thymeleaf.
2025-12-14T17:58:57.797+09:00  WARN 39013 --- [Dishcovery] [http-nio-9191-exec-6] actStandardFragmentInsertionTagProcessor : [THYMELEAF][http-nio-9191-exec-6][mainPage] Deprecated unwrapped fragment expression "fragments/header :: site-header" found in template mainPage, line 12, col 14. Please use the complete syntax of fragment expressions instead ("~{fragments/header :: site-header}"). The old, unwrapped syntax for fragment expressions will be removed in future versions of Thymeleaf.
2025-12-14T17:58:58.478+09:00  WARN 39013 --- [Dishcovery] [http-nio-9191-exec-8] actStandardFragmentInsertionTagProcessor : [THYMELEAF][http-nio-9191-exec-8][mainPage] Deprecated unwrapped fragment expression "fragments/header :: site-header" found in template mainPage, line 12, col 14. Please use the complete syntax of fragment expressions instead ("~{fragments/header :: site-header}"). The old, unwrapped syntax for fragment expressions will be removed in future versions of Thymeleaf.
2025-12-14T17:58:59.050+09:00  WARN 39013 --- [Dishcovery] [http-nio-9191-exec-3] actStandardFragmentInsertionTagProcessor : [THYMELEAF][http-nio-9191-exec-3][mainPage] Deprecated unwrapped fragment expression "fragments/header :: site-header" found in template mainPage, line 12, col 14. Please use the complete syntax of fragment expressions instead ("~{fragments/header :: site-header}"). The old, unwrapped syntax for fragment expressions will be removed in future versions of Thymeleaf.
2025-12-14T17:59:00.176+09:00  WARN 39013 --- [Dishcovery] [http-nio-9191-exec-1] actStandardFragmentInsertionTagProcessor : [THYMELEAF][http-nio-9191-exec-1][mainPage] Deprecated unwrapped fragment expression "fragments/header :: site-header" found in template mainPage, line 12, col 14. Please use the complete syntax of fragment expressions instead ("~{fragments/header :: site-header}"). The old, unwrapped syntax for fragment expressions will be removed in future versions of Thymeleaf.
2025-12-14T18:07:19.677+09:00  INFO 39013 --- [Dishcovery] [SpringApplicationShutdownHook] o.s.b.w.e.tomcat.GracefulShutdown        : Commencing graceful shutdown. Waiting for active requests to complete
2025-12-14T18:07:19.683+09:00  INFO 39013 --- [Dishcovery] [tomcat-shutdown] o.s.b.w.e.tomcat.GracefulShutdown        : Graceful shutdown complete
2025-12-14T18:07:19.687+09:00  INFO 39013 --- [Dishcovery] [SpringApplicationShutdownHook] com.zaxxer.hikari.HikariDataSource       : HikariPool-1 - Shutdown initiated...
2025-12-14T18:07:19.692+09:00  INFO 39013 --- [Dishcovery] [SpringApplicationShutdownHook] com.zaxxer.hikari.HikariDataSource       : HikariPool-1 - Shutdown completed.
2025-12-14T18:09:07.265+09:00  INFO 39525 --- [Dishcovery] [restartedMain] c.s.dishcovery.DishcoveryApplication     : Starting DishcoveryApplication using Java 17.0.9 with PID 39525 (/Users/chanwoo/Downloads/Dishcovery-Server/build/classes/java/main started by chanwoo in /Users/chanwoo/Desktop/파일/Narsha/Dishcovery-Server)
2025-12-14T18:09:07.266+09:00 DEBUG 39525 --- [Dishcovery] [restartedMain] c.s.dishcovery.DishcoveryApplication     : Running with Spring Boot v3.5.6, Spring v6.2.11
2025-12-14T18:09:07.267+09:00  INFO 39525 --- [Dishcovery] [restartedMain] c.s.dishcovery.DishcoveryApplication     : No active profile set, falling back to 1 default profile: "default"
2025-12-14T18:09:07.285+09:00  INFO 39525 --- [Dishcovery] [restartedMain] .e.DevToolsPropertyDefaultsPostProcessor : Devtools property defaults active! Set 'spring.devtools.add-properties' to 'false' to disable
2025-12-14T18:09:07.285+09:00  INFO 39525 --- [Dishcovery] [restartedMain] .e.DevToolsPropertyDefaultsPostProcessor : For additional web related logging consider setting the 'logging.level.web' property to 'DEBUG'
2025-12-14T18:09:07.702+09:00  INFO 39525 --- [Dishcovery] [restartedMain] o.s.b.w.embedded.tomcat.TomcatWebServer  : Tomcat initialized with port 9191 (http)
2025-12-14T18:09:07.707+09:00  INFO 39525 --- [Dishcovery] [restartedMain] o.apache.catalina.core.StandardService   : Starting service [Tomcat]
2025-12-14T18:09:07.707+09:00  INFO 39525 --- [Dishcovery] [restartedMain] o.apache.catalina.core.StandardEngine    : Starting Servlet engine: [Apache Tomcat/10.1.46]
2025-12-14T18:09:07.719+09:00  INFO 39525 --- [Dishcovery] [restartedMain] o.a.c.c.C.[Tomcat].[localhost].[/]       : Initializing Spring embedded WebApplicationContext
2025-12-14T18:09:07.719+09:00  INFO 39525 --- [Dishcovery] [restartedMain] w.s.c.ServletWebServerApplicationContext : Root WebApplicationContext: initialization completed in 434 ms
2025-12-14T18:09:07.746+09:00 DEBUG 39525 --- [Dishcovery] [restartedMain] c.s.d.config.JwtAuthenticationFilter     : Filter 'jwtAuthenticationFilter' configured for use
2025-12-14T18:09:08.013+09:00 DEBUG 39525 --- [Dishcovery] [restartedMain] s.w.s.m.m.a.RequestMappingHandlerMapping : 39 mappings in 'requestMappingHandlerMapping'
2025-12-14T18:09:08.037+09:00 DEBUG 39525 --- [Dishcovery] [restartedMain] o.s.w.s.handler.SimpleUrlHandlerMapping  : Patterns [/webjars/**, /**, /uploads/**, /images/**, /css/**, /js/**] in 'resourceHandlerMapping'
2025-12-14T18:09:08.062+09:00 DEBUG 39525 --- [Dishcovery] [restartedMain] s.w.s.m.m.a.RequestMappingHandlerAdapter : ControllerAdvice beans: 1 @ModelAttribute, 0 @InitBinder, 1 RequestBodyAdvice, 1 ResponseBodyAdvice
2025-12-14T18:09:08.085+09:00 DEBUG 39525 --- [Dishcovery] [restartedMain] .m.m.a.ExceptionHandlerExceptionResolver : ControllerAdvice beans: 0 @ExceptionHandler, 1 ResponseBodyAdvice
2025-12-14T18:09:08.126+09:00  INFO 39525 --- [Dishcovery] [restartedMain] .w.s.a.s.AnnotationActionEndpointMapping : Supporting [WS-Addressing August 2004, WS-Addressing 1.0]
2025-12-14T18:09:08.135+09:00  INFO 39525 --- [Dishcovery] [restartedMain] o.s.b.d.a.OptionalLiveReloadServer       : LiveReload server is running on port 35729
2025-12-14T18:09:08.148+09:00  INFO 39525 --- [Dishcovery] [restartedMain] o.s.b.w.embedded.tomcat.TomcatWebServer  : Tomcat started on port 9191 (http) with context path '/'
2025-12-14T18:09:08.155+09:00  INFO 39525 --- [Dishcovery] [restartedMain] c.s.dishcovery.DishcoveryApplication     : Started DishcoveryApplication in 1.063 seconds (process running for 1.276)
2025-12-14T18:09:16.514+09:00  INFO 39525 --- [Dishcovery] [http-nio-9191-exec-1] o.a.c.c.C.[Tomcat].[localhost].[/]       : Initializing Spring DispatcherServlet 'dispatcherServlet'
2025-12-14T18:09:16.514+09:00  INFO 39525 --- [Dishcovery] [http-nio-9191-exec-1] o.s.web.servlet.DispatcherServlet        : Initializing Servlet 'dispatcherServlet'
2025-12-14T18:09:16.514+09:00 DEBUG 39525 --- [Dishcovery] [http-nio-9191-exec-1] o.s.web.servlet.DispatcherServlet        : Detected StandardServletMultipartResolver
2025-12-14T18:09:16.514+09:00 DEBUG 39525 --- [Dishcovery] [http-nio-9191-exec-1] o.s.web.servlet.DispatcherServlet        : Detected AcceptHeaderLocaleResolver
2025-12-14T18:09:16.514+09:00 DEBUG 39525 --- [Dishcovery] [http-nio-9191-exec-1] o.s.web.servlet.DispatcherServlet        : Detected FixedThemeResolver
2025-12-14T18:09:16.515+09:00 DEBUG 39525 --- [Dishcovery] [http-nio-9191-exec-1] o.s.web.servlet.DispatcherServlet        : Detected org.springframework.web.servlet.view.DefaultRequestToViewNameTranslator@1073a972
2025-12-14T18:09:16.515+09:00 DEBUG 39525 --- [Dishcovery] [http-nio-9191-exec-1] o.s.web.servlet.DispatcherServlet        : Detected org.springframework.web.servlet.support.SessionFlashMapManager@6b655b70
2025-12-14T18:09:16.515+09:00 DEBUG 39525 --- [Dishcovery] [http-nio-9191-exec-1] o.s.web.servlet.DispatcherServlet        : enableLoggingRequestDetails='false': request parameters and headers will be masked to prevent unsafe logging of potentially sensitive data
2025-12-14T18:09:16.515+09:00  INFO 39525 --- [Dishcovery] [http-nio-9191-exec-1] o.s.web.servlet.DispatcherServlet        : Completed initialization in 1 ms
2025-12-14T18:09:16.532+09:00 DEBUG 39525 --- [Dishcovery] [http-nio-9191-exec-1] o.s.web.servlet.DispatcherServlet        : GET "/MainPage", parameters={}
2025-12-14T18:09:16.533+09:00 DEBUG 39525 --- [Dishcovery] [http-nio-9191-exec-1] s.w.s.m.m.a.RequestMappingHandlerMapping : Mapped to com.spring.dishcovery.controller.MainController#mainPage(Model, String)
2025-12-14T18:09:16.553+09:00  INFO 39525 --- [Dishcovery] [http-nio-9191-exec-1] com.zaxxer.hikari.HikariDataSource       : HikariPool-1 - Starting...
2025-12-14T18:09:16.623+09:00  INFO 39525 --- [Dishcovery] [http-nio-9191-exec-1] com.zaxxer.hikari.pool.HikariPool        : HikariPool-1 - Added connection com.mysql.cj.jdbc.ConnectionImpl@46c9208e
2025-12-14T18:09:16.624+09:00  INFO 39525 --- [Dishcovery] [http-nio-9191-exec-1] com.zaxxer.hikari.HikariDataSource       : HikariPool-1 - Start completed.
2025-12-14T18:09:16.626+09:00 DEBUG 39525 --- [Dishcovery] [http-nio-9191-exec-1] c.s.d.m.R.getAllRecipesSorted            : ==>  Preparing: SELECT RECIPE_ID ,USER_ID ,CATEGORY_ID ,TITLE ,RCP_DISC ,COOK_TIME ,COOK_DFCT ,RGT_DATE ,UPD_DATE ,IMG_URL ,RECIPE_INGR ,RECIPE_TIP ,RECIPE_TAG ,VIEW_COUNT FROM RECIPE_MASTER ORDER BY RGT_DATE DESC
2025-12-14T18:09:16.634+09:00 DEBUG 39525 --- [Dishcovery] [http-nio-9191-exec-1] c.s.d.m.R.getAllRecipesSorted            : ==> Parameters: 
2025-12-14T18:09:16.652+09:00 DEBUG 39525 --- [Dishcovery] [http-nio-9191-exec-1] c.s.d.m.R.getAllRecipesSorted            : <==      Total: 3
2025-12-14T18:09:16.657+09:00 DEBUG 39525 --- [Dishcovery] [http-nio-9191-exec-1] o.s.w.s.v.ContentNegotiatingViewResolver : Selected 'text/html' given [text/html, application/xhtml+xml, image/avif, image/webp, image/apng, application/xml;q=0.9, */*;q=0.8, application/signed-exchange;v=b3;q=0.7]
2025-12-14T18:09:16.732+09:00  WARN 39525 --- [Dishcovery] [http-nio-9191-exec-1] actStandardFragmentInsertionTagProcessor : [THYMELEAF][http-nio-9191-exec-1][mainPage] Deprecated unwrapped fragment expression "fragments/header :: site-header" found in template mainPage, line 12, col 14. Please use the complete syntax of fragment expressions instead ("~{fragments/header :: site-header}"). The old, unwrapped syntax for fragment expressions will be removed in future versions of Thymeleaf.
2025-12-14T18:09:16.761+09:00 DEBUG 39525 --- [Dishcovery] [http-nio-9191-exec-1] o.s.web.servlet.DispatcherServlet        : Completed 200 OK
2025-12-14T18:09:16.794+09:00 DEBUG 39525 --- [Dishcovery] [http-nio-9191-exec-3] o.s.web.servlet.DispatcherServlet        : GET "/images/comm/profile_icon.png", parameters={}
2025-12-14T18:09:16.794+09:00 DEBUG 39525 --- [Dishcovery] [http-nio-9191-exec-2] o.s.web.servlet.DispatcherServlet        : GET "/css/mainPage.css", parameters={}
2025-12-14T18:09:16.794+09:00 DEBUG 39525 --- [Dishcovery] [http-nio-9191-exec-4] o.s.web.servlet.DispatcherServlet        : GET "/uploads/test2.jpg", parameters={}
2025-12-14T18:09:16.795+09:00 DEBUG 39525 --- [Dishcovery] [http-nio-9191-exec-2] o.s.w.s.handler.SimpleUrlHandlerMapping  : Mapped to ResourceHttpRequestHandler [classpath [static/css/]]
2025-12-14T18:09:16.795+09:00 DEBUG 39525 --- [Dishcovery] [http-nio-9191-exec-7] o.s.web.servlet.DispatcherServlet        : GET "/js/mainPage.js", parameters={}
2025-12-14T18:09:16.795+09:00 DEBUG 39525 --- [Dishcovery] [http-nio-9191-exec-5] o.s.web.servlet.DispatcherServlet        : GET "/uploads/test3.jpg", parameters={}
2025-12-14T18:09:16.795+09:00 DEBUG 39525 --- [Dishcovery] [http-nio-9191-exec-6] o.s.web.servlet.DispatcherServlet        : GET "/uploads/test1.jpg", parameters={}
2025-12-14T18:09:16.795+09:00 DEBUG 39525 --- [Dishcovery] [http-nio-9191-exec-7] o.s.w.s.handler.SimpleUrlHandlerMapping  : Mapped to ResourceHttpRequestHandler [classpath [static/js/]]
2025-12-14T18:09:16.795+09:00 DEBUG 39525 --- [Dishcovery] [http-nio-9191-exec-3] o.s.w.s.handler.SimpleUrlHandlerMapping  : Mapped to ResourceHttpRequestHandler [classpath [static/images/]]
2025-12-14T18:09:16.796+09:00 DEBUG 39525 --- [Dishcovery] [http-nio-9191-exec-4] o.s.w.s.handler.SimpleUrlHandlerMapping  : Mapped to ResourceHttpRequestHandler [URL [file:uploads/]]
2025-12-14T18:09:16.796+09:00 DEBUG 39525 --- [Dishcovery] [http-nio-9191-exec-6] o.s.w.s.handler.SimpleUrlHandlerMapping  : Mapped to ResourceHttpRequestHandler [URL [file:uploads/]]
2025-12-14T18:09:16.796+09:00 DEBUG 39525 --- [Dishcovery] [http-nio-9191-exec-5] o.s.w.s.handler.SimpleUrlHandlerMapping  : Mapped to ResourceHttpRequestHandler [URL [file:uploads/]]
2025-12-14T18:09:16.797+09:00 DEBUG 39525 --- [Dishcovery] [http-nio-9191-exec-6] o.s.w.s.r.ResourceHttpRequestHandler     : Resource not found
2025-12-14T18:09:16.797+09:00 DEBUG 39525 --- [Dishcovery] [http-nio-9191-exec-5] o.s.w.s.r.ResourceHttpRequestHandler     : Resource not found
2025-12-14T18:09:16.797+09:00 DEBUG 39525 --- [Dishcovery] [http-nio-9191-exec-4] o.s.w.s.r.ResourceHttpRequestHandler     : Resource not found
2025-12-14T18:09:16.803+09:00 DEBUG 39525 --- [Dishcovery] [http-nio-9191-exec-5] .w.s.m.s.DefaultHandlerExceptionResolver : Resolved [org.springframework.web.servlet.resource.NoResourceFoundException: No static resource test3.jpg.]
2025-12-14T18:09:16.803+09:00 DEBUG 39525 --- [Dishcovery] [http-nio-9191-exec-6] .w.s.m.s.DefaultHandlerExceptionResolver : Resolved [org.springframework.web.servlet.resource.NoResourceFoundException: No static resource test1.jpg.]
2025-12-14T18:09:16.803+09:00 DEBUG 39525 --- [Dishcovery] [http-nio-9191-exec-4] .w.s.m.s.DefaultHandlerExceptionResolver : Resolved [org.springframework.web.servlet.resource.NoResourceFoundException: No static resource test2.jpg.]
2025-12-14T18:09:16.803+09:00 DEBUG 39525 --- [Dishcovery] [http-nio-9191-exec-5] o.s.web.servlet.DispatcherServlet        : Completed 404 NOT_FOUND
2025-12-14T18:09:16.803+09:00 DEBUG 39525 --- [Dishcovery] [http-nio-9191-exec-4] o.s.web.servlet.DispatcherServlet        : Completed 404 NOT_FOUND
2025-12-14T18:09:16.803+09:00 DEBUG 39525 --- [Dishcovery] [http-nio-9191-exec-6] o.s.web.servlet.DispatcherServlet        : Completed 404 NOT_FOUND
2025-12-14T18:09:16.804+09:00 DEBUG 39525 --- [Dishcovery] [http-nio-9191-exec-2] o.s.web.servlet.DispatcherServlet        : Completed 200 OK
2025-12-14T18:09:16.804+09:00 DEBUG 39525 --- [Dishcovery] [http-nio-9191-exec-7] o.s.web.servlet.DispatcherServlet        : Completed 200 OK
2025-12-14T18:09:16.804+09:00 DEBUG 39525 --- [Dishcovery] [http-nio-9191-exec-3] o.s.web.servlet.DispatcherServlet        : Completed 200 OK
2025-12-14T18:09:16.807+09:00 DEBUG 39525 --- [Dishcovery] [http-nio-9191-exec-6] o.s.web.servlet.DispatcherServlet        : "ERROR" dispatch for GET "/error", parameters={}
2025-12-14T18:09:16.807+09:00 DEBUG 39525 --- [Dishcovery] [http-nio-9191-exec-5] o.s.web.servlet.DispatcherServlet        : "ERROR" dispatch for GET "/error", parameters={}
2025-12-14T18:09:16.807+09:00 DEBUG 39525 --- [Dishcovery] [http-nio-9191-exec-4] o.s.web.servlet.DispatcherServlet        : "ERROR" dispatch for GET "/error", parameters={}
2025-12-14T18:09:16.808+09:00 DEBUG 39525 --- [Dishcovery] [http-nio-9191-exec-6] s.w.s.m.m.a.RequestMappingHandlerMapping : Mapped to org.springframework.boot.autoconfigure.web.servlet.error.BasicErrorController#error(HttpServletRequest)
2025-12-14T18:09:16.808+09:00 DEBUG 39525 --- [Dishcovery] [http-nio-9191-exec-5] s.w.s.m.m.a.RequestMappingHandlerMapping : Mapped to org.springframework.boot.autoconfigure.web.servlet.error.BasicErrorController#error(HttpServletRequest)
2025-12-14T18:09:16.808+09:00 DEBUG 39525 --- [Dishcovery] [http-nio-9191-exec-4] s.w.s.m.m.a.RequestMappingHandlerMapping : Mapped to org.springframework.boot.autoconfigure.web.servlet.error.BasicErrorController#error(HttpServletRequest)
2025-12-14T18:09:16.822+09:00 DEBUG 39525 --- [Dishcovery] [http-nio-9191-exec-5] o.s.w.s.m.m.a.HttpEntityMethodProcessor  : Using 'application/json;q=0.8', given [image/avif, image/webp, image/apng, image/svg+xml, image/*, */*;q=0.8] and supported [application/json, application/*+json]
2025-12-14T18:09:16.822+09:00 DEBUG 39525 --- [Dishcovery] [http-nio-9191-exec-4] o.s.w.s.m.m.a.HttpEntityMethodProcessor  : Using 'application/json;q=0.8', given [image/avif, image/webp, image/apng, image/svg+xml, image/*, */*;q=0.8] and supported [application/json, application/*+json]
2025-12-14T18:09:16.822+09:00 DEBUG 39525 --- [Dishcovery] [http-nio-9191-exec-6] o.s.w.s.m.m.a.HttpEntityMethodProcessor  : Using 'application/json;q=0.8', given [image/avif, image/webp, image/apng, image/svg+xml, image/*, */*;q=0.8] and supported [application/json, application/*+json]
2025-12-14T18:09:16.823+09:00 DEBUG 39525 --- [Dishcovery] [http-nio-9191-exec-4] o.s.w.s.m.m.a.HttpEntityMethodProcessor  : Writing [{timestamp=Sun Dec 14 18:09:16 KST 2025, status=404, error=Not Found, trace=org.springframework.web. (truncated)...]
2025-12-14T18:09:16.823+09:00 DEBUG 39525 --- [Dishcovery] [http-nio-9191-exec-6] o.s.w.s.m.m.a.HttpEntityMethodProcessor  : Writing [{timestamp=Sun Dec 14 18:09:16 KST 2025, status=404, error=Not Found, trace=org.springframework.web. (truncated)...]
2025-12-14T18:09:16.823+09:00 DEBUG 39525 --- [Dishcovery] [http-nio-9191-exec-5] o.s.w.s.m.m.a.HttpEntityMethodProcessor  : Writing [{timestamp=Sun Dec 14 18:09:16 KST 2025, status=404, error=Not Found, trace=org.springframework.web. (truncated)...]
2025-12-14T18:09:16.839+09:00 DEBUG 39525 --- [Dishcovery] [http-nio-9191-exec-5] o.s.web.servlet.DispatcherServlet        : Exiting from "ERROR" dispatch, status 404
2025-12-14T18:09:16.839+09:00 DEBUG 39525 --- [Dishcovery] [http-nio-9191-exec-4] o.s.web.servlet.DispatcherServlet        : Exiting from "ERROR" dispatch, status 404
2025-12-14T18:09:16.839+09:00 DEBUG 39525 --- [Dishcovery] [http-nio-9191-exec-6] o.s.web.servlet.DispatcherServlet        : Exiting from "ERROR" dispatch, status 404
2025-12-14T18:09:18.591+09:00 DEBUG 39525 --- [Dishcovery] [http-nio-9191-exec-8] o.s.web.servlet.DispatcherServlet        : GET "/dishcovery_login?gubun=login", parameters={masked}
2025-12-14T18:09:18.592+09:00 DEBUG 39525 --- [Dishcovery] [http-nio-9191-exec-8] s.w.s.m.m.a.RequestMappingHandlerMapping : Mapped to com.spring.dishcovery.controller.UserController#dishcoveryLogin(String, Model)
2025-12-14T18:09:18.595+09:00 DEBUG 39525 --- [Dishcovery] [http-nio-9191-exec-8] o.s.w.s.v.ContentNegotiatingViewResolver : Selected 'text/html' given [text/html, application/xhtml+xml, image/avif, image/webp, image/apng, application/xml;q=0.9, */*;q=0.8, application/signed-exchange;v=b3;q=0.7]
2025-12-14T18:09:18.601+09:00 DEBUG 39525 --- [Dishcovery] [http-nio-9191-exec-8] o.s.web.servlet.DispatcherServlet        : Completed 200 OK
2025-12-14T18:09:18.615+09:00 DEBUG 39525 --- [Dishcovery] [http-nio-9191-exec-10] o.s.web.servlet.DispatcherServlet        : GET "/js/login.js", parameters={}
2025-12-14T18:09:18.615+09:00 DEBUG 39525 --- [Dishcovery] [http-nio-9191-exec-9] o.s.web.servlet.DispatcherServlet        : GET "/css/login.css", parameters={}
2025-12-14T18:09:18.615+09:00 DEBUG 39525 --- [Dishcovery] [http-nio-9191-exec-9] o.s.w.s.handler.SimpleUrlHandlerMapping  : Mapped to ResourceHttpRequestHandler [classpath [static/css/]]
2025-12-14T18:09:18.615+09:00 DEBUG 39525 --- [Dishcovery] [http-nio-9191-exec-10] o.s.w.s.handler.SimpleUrlHandlerMapping  : Mapped to ResourceHttpRequestHandler [classpath [static/js/]]
2025-12-14T18:09:18.616+09:00 DEBUG 39525 --- [Dishcovery] [http-nio-9191-exec-9] o.s.web.servlet.DispatcherServlet        : Completed 200 OK
2025-12-14T18:09:18.616+09:00 DEBUG 39525 --- [Dishcovery] [http-nio-9191-exec-10] o.s.web.servlet.DispatcherServlet        : Completed 200 OK
2025-12-14T18:09:24.167+09:00 DEBUG 39525 --- [Dishcovery] [http-nio-9191-exec-3] o.s.web.servlet.DispatcherServlet        : POST "/userLogin", parameters={masked}
2025-12-14T18:09:24.168+09:00 DEBUG 39525 --- [Dishcovery] [http-nio-9191-exec-3] s.w.s.m.m.a.RequestMappingHandlerMapping : Mapped to com.spring.dishcovery.controller.UserController#userLogin(String, String, HttpServletResponse, RedirectAttributes)
2025-12-14T18:09:24.172+09:00 DEBUG 39525 --- [Dishcovery] [http-nio-9191-exec-3] c.s.d.mapper.UserMapper.findByUserId     : ==>  Preparing: SELECT USER_ID, USER_NAME, USER_PSWD, USER_MAIL, JOIN_DATE, USER_STATUS, POINT_BALANCE FROM USER_MASTER WHERE USER_ID = ?
2025-12-14T18:09:24.173+09:00 DEBUG 39525 --- [Dishcovery] [http-nio-9191-exec-3] c.s.d.mapper.UserMapper.findByUserId     : ==> Parameters: chanwoo219(String)
2025-12-14T18:09:24.178+09:00 DEBUG 39525 --- [Dishcovery] [http-nio-9191-exec-3] c.s.d.mapper.UserMapper.findByUserId     : <==      Total: 1
2025-12-14T18:09:24.179+09:00 DEBUG 39525 --- [Dishcovery] [http-nio-9191-exec-3] c.s.d.mapper.UserMapper.findByUserId     : ==>  Preparing: SELECT USER_ID, USER_NAME, USER_PSWD, USER_MAIL, JOIN_DATE, USER_STATUS, POINT_BALANCE FROM USER_MASTER WHERE USER_ID = ?
2025-12-14T18:09:24.179+09:00 DEBUG 39525 --- [Dishcovery] [http-nio-9191-exec-3] c.s.d.mapper.UserMapper.findByUserId     : ==> Parameters: chanwoo219(String)
2025-12-14T18:09:24.181+09:00 DEBUG 39525 --- [Dishcovery] [http-nio-9191-exec-3] c.s.d.mapper.UserMapper.findByUserId     : <==      Total: 1
2025-12-14T18:09:24.280+09:00 DEBUG 39525 --- [Dishcovery] [http-nio-9191-exec-3] o.s.web.servlet.view.RedirectView        : View name [redirect:], model {}
2025-12-14T18:09:24.281+09:00 DEBUG 39525 --- [Dishcovery] [http-nio-9191-exec-3] o.s.web.servlet.DispatcherServlet        : Completed 302 FOUND
2025-12-14T18:09:24.284+09:00 DEBUG 39525 --- [Dishcovery] [http-nio-9191-exec-6] o.s.web.servlet.DispatcherServlet        : GET "/MainPage", parameters={}
2025-12-14T18:09:24.284+09:00 DEBUG 39525 --- [Dishcovery] [http-nio-9191-exec-6] s.w.s.m.m.a.RequestMappingHandlerMapping : Mapped to com.spring.dishcovery.controller.MainController#mainPage(Model, String)
2025-12-14T18:09:24.295+09:00 DEBUG 39525 --- [Dishcovery] [http-nio-9191-exec-6] c.s.d.m.R.getAllRecipesSorted            : ==>  Preparing: SELECT RECIPE_ID ,USER_ID ,CATEGORY_ID ,TITLE ,RCP_DISC ,COOK_TIME ,COOK_DFCT ,RGT_DATE ,UPD_DATE ,IMG_URL ,RECIPE_INGR ,RECIPE_TIP ,RECIPE_TAG ,VIEW_COUNT FROM RECIPE_MASTER ORDER BY RGT_DATE DESC
2025-12-14T18:09:24.296+09:00 DEBUG 39525 --- [Dishcovery] [http-nio-9191-exec-6] c.s.d.m.R.getAllRecipesSorted            : ==> Parameters: 
2025-12-14T18:09:24.297+09:00 DEBUG 39525 --- [Dishcovery] [http-nio-9191-exec-6] c.s.d.m.R.getAllRecipesSorted            : <==      Total: 3
2025-12-14T18:09:24.297+09:00 DEBUG 39525 --- [Dishcovery] [http-nio-9191-exec-6] o.s.w.s.v.ContentNegotiatingViewResolver : Selected 'text/html' given [text/html, application/xhtml+xml, image/avif, image/webp, image/apng, application/xml;q=0.9, */*;q=0.8, application/signed-exchange;v=b3;q=0.7]
2025-12-14T18:09:24.298+09:00  WARN 39525 --- [Dishcovery] [http-nio-9191-exec-6] actStandardFragmentInsertionTagProcessor : [THYMELEAF][http-nio-9191-exec-6][mainPage] Deprecated unwrapped fragment expression "fragments/header :: site-header" found in template mainPage, line 12, col 14. Please use the complete syntax of fragment expressions instead ("~{fragments/header :: site-header}"). The old, unwrapped syntax for fragment expressions will be removed in future versions of Thymeleaf.
2025-12-14T18:09:24.300+09:00 DEBUG 39525 --- [Dishcovery] [http-nio-9191-exec-6] o.s.web.servlet.DispatcherServlet        : Completed 200 OK
2025-12-14T18:09:24.319+09:00 DEBUG 39525 --- [Dishcovery] [http-nio-9191-exec-4] o.s.web.servlet.DispatcherServlet        : GET "/uploads/test3.jpg", parameters={}
2025-12-14T18:09:24.319+09:00 DEBUG 39525 --- [Dishcovery] [http-nio-9191-exec-5] o.s.web.servlet.DispatcherServlet        : GET "/uploads/test2.jpg", parameters={}
2025-12-14T18:09:24.320+09:00 DEBUG 39525 --- [Dishcovery] [http-nio-9191-exec-5] o.s.w.s.handler.SimpleUrlHandlerMapping  : Mapped to ResourceHttpRequestHandler [URL [file:uploads/]]
2025-12-14T18:09:24.320+09:00 DEBUG 39525 --- [Dishcovery] [http-nio-9191-exec-4] o.s.w.s.handler.SimpleUrlHandlerMapping  : Mapped to ResourceHttpRequestHandler [URL [file:uploads/]]
2025-12-14T18:09:24.320+09:00 DEBUG 39525 --- [Dishcovery] [http-nio-9191-exec-8] o.s.web.servlet.DispatcherServlet        : GET "/uploads/test1.jpg", parameters={}
2025-12-14T18:09:24.320+09:00 DEBUG 39525 --- [Dishcovery] [http-nio-9191-exec-4] o.s.w.s.r.ResourceHttpRequestHandler     : Resource not found
2025-12-14T18:09:24.320+09:00 DEBUG 39525 --- [Dishcovery] [http-nio-9191-exec-5] o.s.w.s.r.ResourceHttpRequestHandler     : Resource not found
2025-12-14T18:09:24.320+09:00 DEBUG 39525 --- [Dishcovery] [http-nio-9191-exec-5] .w.s.m.s.DefaultHandlerExceptionResolver : Resolved [org.springframework.web.servlet.resource.NoResourceFoundException: No static resource test2.jpg.]
2025-12-14T18:09:24.320+09:00 DEBUG 39525 --- [Dishcovery] [http-nio-9191-exec-8] o.s.w.s.handler.SimpleUrlHandlerMapping  : Mapped to ResourceHttpRequestHandler [URL [file:uploads/]]
2025-12-14T18:09:24.320+09:00 DEBUG 39525 --- [Dishcovery] [http-nio-9191-exec-4] .w.s.m.s.DefaultHandlerExceptionResolver : Resolved [org.springframework.web.servlet.resource.NoResourceFoundException: No static resource test3.jpg.]
2025-12-14T18:09:24.320+09:00 DEBUG 39525 --- [Dishcovery] [http-nio-9191-exec-5] o.s.web.servlet.DispatcherServlet        : Completed 404 NOT_FOUND
2025-12-14T18:09:24.320+09:00 DEBUG 39525 --- [Dishcovery] [http-nio-9191-exec-4] o.s.web.servlet.DispatcherServlet        : Completed 404 NOT_FOUND
2025-12-14T18:09:24.321+09:00 DEBUG 39525 --- [Dishcovery] [http-nio-9191-exec-8] o.s.w.s.r.ResourceHttpRequestHandler     : Resource not found
2025-12-14T18:09:24.321+09:00 DEBUG 39525 --- [Dishcovery] [http-nio-9191-exec-8] .w.s.m.s.DefaultHandlerExceptionResolver : Resolved [org.springframework.web.servlet.resource.NoResourceFoundException: No static resource test1.jpg.]
2025-12-14T18:09:24.321+09:00 DEBUG 39525 --- [Dishcovery] [http-nio-9191-exec-8] o.s.web.servlet.DispatcherServlet        : Completed 404 NOT_FOUND
2025-12-14T18:09:24.321+09:00 DEBUG 39525 --- [Dishcovery] [http-nio-9191-exec-5] o.s.web.servlet.DispatcherServlet        : "ERROR" dispatch for GET "/error", parameters={}
2025-12-14T18:09:24.321+09:00 DEBUG 39525 --- [Dishcovery] [http-nio-9191-exec-4] o.s.web.servlet.DispatcherServlet        : "ERROR" dispatch for GET "/error", parameters={}
2025-12-14T18:09:24.321+09:00 DEBUG 39525 --- [Dishcovery] [http-nio-9191-exec-8] o.s.web.servlet.DispatcherServlet        : "ERROR" dispatch for GET "/error", parameters={}
2025-12-14T18:09:24.321+09:00 DEBUG 39525 --- [Dishcovery] [http-nio-9191-exec-5] s.w.s.m.m.a.RequestMappingHandlerMapping : Mapped to org.springframework.boot.autoconfigure.web.servlet.error.BasicErrorController#error(HttpServletRequest)
2025-12-14T18:09:24.321+09:00 DEBUG 39525 --- [Dishcovery] [http-nio-9191-exec-4] s.w.s.m.m.a.RequestMappingHandlerMapping : Mapped to org.springframework.boot.autoconfigure.web.servlet.error.BasicErrorController#error(HttpServletRequest)
2025-12-14T18:09:24.321+09:00 DEBUG 39525 --- [Dishcovery] [http-nio-9191-exec-8] s.w.s.m.m.a.RequestMappingHandlerMapping : Mapped to org.springframework.boot.autoconfigure.web.servlet.error.BasicErrorController#error(HttpServletRequest)
2025-12-14T18:09:24.325+09:00 DEBUG 39525 --- [Dishcovery] [http-nio-9191-exec-4] o.s.w.s.m.m.a.HttpEntityMethodProcessor  : Using 'application/json;q=0.8', given [image/avif, image/webp, image/apng, image/svg+xml, image/*, */*;q=0.8] and supported [application/json, application/*+json]
2025-12-14T18:09:24.325+09:00 DEBUG 39525 --- [Dishcovery] [http-nio-9191-exec-8] o.s.w.s.m.m.a.HttpEntityMethodProcessor  : Using 'application/json;q=0.8', given [image/avif, image/webp, image/apng, image/svg+xml, image/*, */*;q=0.8] and supported [application/json, application/*+json]
2025-12-14T18:09:24.325+09:00 DEBUG 39525 --- [Dishcovery] [http-nio-9191-exec-8] o.s.w.s.m.m.a.HttpEntityMethodProcessor  : Writing [{timestamp=Sun Dec 14 18:09:24 KST 2025, status=404, error=Not Found, trace=org.springframework.web. (truncated)...]
2025-12-14T18:09:24.325+09:00 DEBUG 39525 --- [Dishcovery] [http-nio-9191-exec-4] o.s.w.s.m.m.a.HttpEntityMethodProcessor  : Writing [{timestamp=Sun Dec 14 18:09:24 KST 2025, status=404, error=Not Found, trace=org.springframework.web. (truncated)...]
2025-12-14T18:09:24.325+09:00 DEBUG 39525 --- [Dishcovery] [http-nio-9191-exec-5] o.s.w.s.m.m.a.HttpEntityMethodProcessor  : Using 'application/json;q=0.8', given [image/avif, image/webp, image/apng, image/svg+xml, image/*, */*;q=0.8] and supported [application/json, application/*+json]
2025-12-14T18:09:24.325+09:00 DEBUG 39525 --- [Dishcovery] [http-nio-9191-exec-5] o.s.w.s.m.m.a.HttpEntityMethodProcessor  : Writing [{timestamp=Sun Dec 14 18:09:24 KST 2025, status=404, error=Not Found, trace=org.springframework.web. (truncated)...]
2025-12-14T18:09:24.326+09:00 DEBUG 39525 --- [Dishcovery] [http-nio-9191-exec-8] o.s.web.servlet.DispatcherServlet        : Exiting from "ERROR" dispatch, status 404
2025-12-14T18:09:24.326+09:00 DEBUG 39525 --- [Dishcovery] [http-nio-9191-exec-5] o.s.web.servlet.DispatcherServlet        : Exiting from "ERROR" dispatch, status 404
2025-12-14T18:09:24.326+09:00 DEBUG 39525 --- [Dishcovery] [http-nio-9191-exec-4] o.s.web.servlet.DispatcherServlet        : Exiting from "ERROR" dispatch, status 404
2025-12-14T18:09:26.323+09:00 DEBUG 39525 --- [Dishcovery] [http-nio-9191-exec-2] o.s.web.servlet.DispatcherServlet        : GET "/pageGubun?gubun=rank", parameters={masked}
2025-12-14T18:09:26.323+09:00 DEBUG 39525 --- [Dishcovery] [http-nio-9191-exec-2] s.w.s.m.m.a.RequestMappingHandlerMapping : Mapped to com.spring.dishcovery.controller.MainController#pageGubun(String, Model, HttpServletRequest)
2025-12-14T18:09:26.332+09:00 DEBUG 39525 --- [Dishcovery] [http-nio-9191-exec-2] o.s.web.servlet.view.RedirectView        : View name [redirect:], model {}
2025-12-14T18:09:26.332+09:00 DEBUG 39525 --- [Dishcovery] [http-nio-9191-exec-2] o.s.web.servlet.DispatcherServlet        : Completed 302 FOUND
2025-12-14T18:09:26.344+09:00 DEBUG 39525 --- [Dishcovery] [http-nio-9191-exec-7] o.s.web.servlet.DispatcherServlet        : GET "/shop", parameters={}
2025-12-14T18:09:26.344+09:00 DEBUG 39525 --- [Dishcovery] [http-nio-9191-exec-7] s.w.s.m.m.a.RequestMappingHandlerMapping : Mapped to com.spring.dishcovery.controller.ShopController#shopList(Model)
2025-12-14T18:09:26.352+09:00 DEBUG 39525 --- [Dishcovery] [http-nio-9191-exec-7] c.s.d.mapper.ShopMapper.listProducts     : ==>  Preparing: SELECT PRODUCT_ID as productId, NAME as name FROM SHOP_PRODUCT WHERE IS_ACTIVE = 1 ORDER BY PRODUCT_ID DESC
2025-12-14T18:09:26.353+09:00 DEBUG 39525 --- [Dishcovery] [http-nio-9191-exec-7] c.s.d.mapper.ShopMapper.listProducts     : ==> Parameters: 
2025-12-14T18:09:26.356+09:00 DEBUG 39525 --- [Dishcovery] [http-nio-9191-exec-7] c.s.d.mapper.ShopMapper.listProducts     : <==      Total: 3
2025-12-14T18:09:26.358+09:00 DEBUG 39525 --- [Dishcovery] [http-nio-9191-exec-7] o.s.w.s.v.ContentNegotiatingViewResolver : Selected 'text/html' given [text/html, application/xhtml+xml, image/avif, image/webp, image/apng, application/xml;q=0.9, */*;q=0.8, application/signed-exchange;v=b3;q=0.7]
2025-12-14T18:09:26.364+09:00 DEBUG 39525 --- [Dishcovery] [http-nio-9191-exec-7] o.s.web.servlet.DispatcherServlet        : Completed 200 OK
2025-12-14T18:09:26.376+09:00 DEBUG 39525 --- [Dishcovery] [http-nio-9191-exec-3] o.s.web.servlet.DispatcherServlet        : GET "/css/shop.css", parameters={}
2025-12-14T18:09:26.377+09:00 DEBUG 39525 --- [Dishcovery] [http-nio-9191-exec-3] o.s.w.s.handler.SimpleUrlHandlerMapping  : Mapped to ResourceHttpRequestHandler [classpath [static/css/]]
2025-12-14T18:09:26.378+09:00 DEBUG 39525 --- [Dishcovery] [http-nio-9191-exec-3] o.s.web.servlet.DispatcherServlet        : Completed 200 OK
2025-12-14T18:09:28.430+09:00 DEBUG 39525 --- [Dishcovery] [http-nio-9191-exec-6] o.s.web.servlet.DispatcherServlet        : GET "/myPage", parameters={}
2025-12-14T18:09:28.431+09:00 DEBUG 39525 --- [Dishcovery] [http-nio-9191-exec-6] s.w.s.m.m.a.RequestMappingHandlerMapping : Mapped to com.spring.dishcovery.controller.MainController#myPage(Model, HttpServletRequest)
2025-12-14T18:09:28.439+09:00 DEBUG 39525 --- [Dishcovery] [http-nio-9191-exec-6] c.s.d.mapper.UserMapper.findByUserId     : ==>  Preparing: SELECT USER_ID, USER_NAME, USER_PSWD, USER_MAIL, JOIN_DATE, USER_STATUS, POINT_BALANCE FROM USER_MASTER WHERE USER_ID = ?
2025-12-14T18:09:28.440+09:00 DEBUG 39525 --- [Dishcovery] [http-nio-9191-exec-6] c.s.d.mapper.UserMapper.findByUserId     : ==> Parameters: chanwoo219(String)
2025-12-14T18:09:28.442+09:00 DEBUG 39525 --- [Dishcovery] [http-nio-9191-exec-6] c.s.d.mapper.UserMapper.findByUserId     : <==      Total: 1
2025-12-14T18:09:28.443+09:00 DEBUG 39525 --- [Dishcovery] [http-nio-9191-exec-6] c.s.d.m.RecipeAppMapper.getMyRecipes     : ==>  Preparing: SELECT RECIPE_ID ,USER_ID ,CATEGORY_ID ,TITLE ,RCP_DISC ,COOK_TIME ,COOK_DFCT ,RGT_DATE ,UPD_DATE ,IMG_URL ,RECIPE_INGR ,RECIPE_TIP ,RECIPE_TAG ,VIEW_COUNT FROM RECIPE_MASTER WHERE USER_ID = ?
2025-12-14T18:09:28.443+09:00 DEBUG 39525 --- [Dishcovery] [http-nio-9191-exec-6] c.s.d.m.RecipeAppMapper.getMyRecipes     : ==> Parameters: chanwoo219(String)
2025-12-14T18:09:28.445+09:00 DEBUG 39525 --- [Dishcovery] [http-nio-9191-exec-6] c.s.d.m.RecipeAppMapper.getMyRecipes     : <==      Total: 0
2025-12-14T18:09:28.449+09:00 DEBUG 39525 --- [Dishcovery] [http-nio-9191-exec-6] o.s.w.s.v.ContentNegotiatingViewResolver : Selected 'text/html' given [text/html, application/xhtml+xml, image/avif, image/webp, image/apng, application/xml;q=0.9, */*;q=0.8, application/signed-exchange;v=b3;q=0.7]
2025-12-14T18:09:28.452+09:00  WARN 39525 --- [Dishcovery] [http-nio-9191-exec-6] actStandardFragmentInsertionTagProcessor : [THYMELEAF][http-nio-9191-exec-6][user/MyPage] Deprecated unwrapped fragment expression "fragments/header :: site-header" found in template user/MyPage, line 12, col 14. Please use the complete syntax of fragment expressions instead ("~{fragments/header :: site-header}"). The old, unwrapped syntax for fragment expressions will be removed in future versions of Thymeleaf.
2025-12-14T18:09:28.457+09:00 DEBUG 39525 --- [Dishcovery] [http-nio-9191-exec-6] o.s.web.servlet.DispatcherServlet        : Completed 200 OK
2025-12-14T18:09:28.468+09:00 DEBUG 39525 --- [Dishcovery] [http-nio-9191-exec-5] o.s.web.servlet.DispatcherServlet        : GET "/images/temp/temp_profile.jpeg", parameters={}
2025-12-14T18:09:28.468+09:00 DEBUG 39525 --- [Dishcovery] [http-nio-9191-exec-8] o.s.web.servlet.DispatcherServlet        : GET "/css/myPage.css", parameters={}
2025-12-14T18:09:28.469+09:00 DEBUG 39525 --- [Dishcovery] [http-nio-9191-exec-8] o.s.w.s.handler.SimpleUrlHandlerMapping  : Mapped to ResourceHttpRequestHandler [classpath [static/css/]]
2025-12-14T18:09:28.469+09:00 DEBUG 39525 --- [Dishcovery] [http-nio-9191-exec-5] o.s.w.s.handler.SimpleUrlHandlerMapping  : Mapped to ResourceHttpRequestHandler [classpath [static/images/]]
2025-12-14T18:09:28.470+09:00 DEBUG 39525 --- [Dishcovery] [http-nio-9191-exec-8] o.s.web.servlet.DispatcherServlet        : Completed 200 OK
2025-12-14T18:09:28.470+09:00 DEBUG 39525 --- [Dishcovery] [http-nio-9191-exec-5] o.s.web.servlet.DispatcherServlet        : Completed 200 OK
2025-12-14T18:09:29.574+09:00 DEBUG 39525 --- [Dishcovery] [http-nio-9191-exec-4] o.s.web.servlet.DispatcherServlet        : GET "/profile/edit", parameters={}
2025-12-14T18:09:29.574+09:00 DEBUG 39525 --- [Dishcovery] [http-nio-9191-exec-4] s.w.s.m.m.a.RequestMappingHandlerMapping : Mapped to com.spring.dishcovery.controller.ProfileController#editPage(Model, HttpServletRequest)
2025-12-14T18:09:29.580+09:00 DEBUG 39525 --- [Dishcovery] [http-nio-9191-exec-4] c.s.d.mapper.UserMapper.findByUserId     : ==>  Preparing: SELECT USER_ID, USER_NAME, USER_PSWD, USER_MAIL, JOIN_DATE, USER_STATUS, POINT_BALANCE FROM USER_MASTER WHERE USER_ID = ?
2025-12-14T18:09:29.581+09:00 DEBUG 39525 --- [Dishcovery] [http-nio-9191-exec-4] c.s.d.mapper.UserMapper.findByUserId     : ==> Parameters: chanwoo219(String)
2025-12-14T18:09:29.583+09:00 DEBUG 39525 --- [Dishcovery] [http-nio-9191-exec-4] c.s.d.mapper.UserMapper.findByUserId     : <==      Total: 1
2025-12-14T18:09:29.585+09:00 DEBUG 39525 --- [Dishcovery] [http-nio-9191-exec-4] o.s.w.s.v.ContentNegotiatingViewResolver : Selected 'text/html' given [text/html, application/xhtml+xml, image/avif, image/webp, image/apng, application/xml;q=0.9, */*;q=0.8, application/signed-exchange;v=b3;q=0.7]
2025-12-14T18:09:29.587+09:00  WARN 39525 --- [Dishcovery] [http-nio-9191-exec-4] actStandardFragmentInsertionTagProcessor : [THYMELEAF][http-nio-9191-exec-4][user/ProfileEdit] Deprecated unwrapped fragment expression "fragments/header :: site-header" found in template user/ProfileEdit, line 11, col 6. Please use the complete syntax of fragment expressions instead ("~{fragments/header :: site-header}"). The old, unwrapped syntax for fragment expressions will be removed in future versions of Thymeleaf.
2025-12-14T18:09:29.592+09:00 DEBUG 39525 --- [Dishcovery] [http-nio-9191-exec-4] o.s.web.servlet.DispatcherServlet        : Completed 200 OK
2025-12-14T18:09:33.941+09:00 DEBUG 39525 --- [Dishcovery] [http-nio-9191-exec-10] o.s.web.servlet.DispatcherServlet        : GET "/pageGubun?gubun=recipe", parameters={masked}
2025-12-14T18:09:33.941+09:00 DEBUG 39525 --- [Dishcovery] [http-nio-9191-exec-10] s.w.s.m.m.a.RequestMappingHandlerMapping : Mapped to com.spring.dishcovery.controller.MainController#pageGubun(String, Model, HttpServletRequest)
2025-12-14T18:09:33.947+09:00 DEBUG 39525 --- [Dishcovery] [http-nio-9191-exec-10] c.s.d.m.RecipeAppMapper.getAllRecipes    : ==>  Preparing: SELECT RECIPE_ID ,USER_ID ,CATEGORY_ID ,TITLE ,RCP_DISC ,COOK_TIME ,COOK_DFCT ,RGT_DATE ,UPD_DATE ,IMG_URL ,RECIPE_INGR ,RECIPE_TIP ,RECIPE_TAG ,VIEW_COUNT FROM RECIPE_MASTER ORDER BY RGT_DATE DESC
2025-12-14T18:09:33.947+09:00 DEBUG 39525 --- [Dishcovery] [http-nio-9191-exec-10] c.s.d.m.RecipeAppMapper.getAllRecipes    : ==> Parameters: 
2025-12-14T18:09:33.949+09:00 DEBUG 39525 --- [Dishcovery] [http-nio-9191-exec-10] c.s.d.m.RecipeAppMapper.getAllRecipes    : <==      Total: 3
2025-12-14T18:09:33.951+09:00 DEBUG 39525 --- [Dishcovery] [http-nio-9191-exec-10] o.s.w.s.v.ContentNegotiatingViewResolver : Selected 'text/html' given [text/html, application/xhtml+xml, image/avif, image/webp, image/apng, application/xml;q=0.9, */*;q=0.8, application/signed-exchange;v=b3;q=0.7]
2025-12-14T18:09:33.953+09:00  WARN 39525 --- [Dishcovery] [http-nio-9191-exec-10] actStandardFragmentInsertionTagProcessor : [THYMELEAF][http-nio-9191-exec-10][/mainPage] Deprecated unwrapped fragment expression "fragments/header :: site-header" found in template /mainPage, line 12, col 14. Please use the complete syntax of fragment expressions instead ("~{fragments/header :: site-header}"). The old, unwrapped syntax for fragment expressions will be removed in future versions of Thymeleaf.
2025-12-14T18:09:33.957+09:00 DEBUG 39525 --- [Dishcovery] [http-nio-9191-exec-10] o.s.web.servlet.DispatcherServlet        : Completed 200 OK
2025-12-14T18:09:33.966+09:00 DEBUG 39525 --- [Dishcovery] [http-nio-9191-exec-7] o.s.web.servlet.DispatcherServlet        : GET "/uploads/test3.jpg", parameters={}
2025-12-14T18:09:33.966+09:00 DEBUG 39525 --- [Dishcovery] [http-nio-9191-exec-2] o.s.web.servlet.DispatcherServlet        : GET "/uploads/test2.jpg", parameters={}
2025-12-14T18:09:33.967+09:00 DEBUG 39525 --- [Dishcovery] [http-nio-9191-exec-2] o.s.w.s.handler.SimpleUrlHandlerMapping  : Mapped to ResourceHttpRequestHandler [URL [file:uploads/]]
2025-12-14T18:09:33.967+09:00 DEBUG 39525 --- [Dishcovery] [http-nio-9191-exec-7] o.s.w.s.handler.SimpleUrlHandlerMapping  : Mapped to ResourceHttpRequestHandler [URL [file:uploads/]]
2025-12-14T18:09:33.967+09:00 DEBUG 39525 --- [Dishcovery] [http-nio-9191-exec-2] o.s.w.s.r.ResourceHttpRequestHandler     : Resource not found
2025-12-14T18:09:33.967+09:00 DEBUG 39525 --- [Dishcovery] [http-nio-9191-exec-7] o.s.w.s.r.ResourceHttpRequestHandler     : Resource not found
2025-12-14T18:09:33.967+09:00 DEBUG 39525 --- [Dishcovery] [http-nio-9191-exec-7] .w.s.m.s.DefaultHandlerExceptionResolver : Resolved [org.springframework.web.servlet.resource.NoResourceFoundException: No static resource test3.jpg.]
2025-12-14T18:09:33.967+09:00 DEBUG 39525 --- [Dishcovery] [http-nio-9191-exec-2] .w.s.m.s.DefaultHandlerExceptionResolver : Resolved [org.springframework.web.servlet.resource.NoResourceFoundException: No static resource test2.jpg.]
2025-12-14T18:09:33.967+09:00 DEBUG 39525 --- [Dishcovery] [http-nio-9191-exec-7] o.s.web.servlet.DispatcherServlet        : Completed 404 NOT_FOUND
2025-12-14T18:09:33.967+09:00 DEBUG 39525 --- [Dishcovery] [http-nio-9191-exec-2] o.s.web.servlet.DispatcherServlet        : Completed 404 NOT_FOUND
2025-12-14T18:09:33.968+09:00 DEBUG 39525 --- [Dishcovery] [http-nio-9191-exec-2] o.s.web.servlet.DispatcherServlet        : "ERROR" dispatch for GET "/error", parameters={}
2025-12-14T18:09:33.968+09:00 DEBUG 39525 --- [Dishcovery] [http-nio-9191-exec-7] o.s.web.servlet.DispatcherServlet        : "ERROR" dispatch for GET "/error", parameters={}
2025-12-14T18:09:33.969+09:00 DEBUG 39525 --- [Dishcovery] [http-nio-9191-exec-2] s.w.s.m.m.a.RequestMappingHandlerMapping : Mapped to org.springframework.boot.autoconfigure.web.servlet.error.BasicErrorController#error(HttpServletRequest)
2025-12-14T18:09:33.969+09:00 DEBUG 39525 --- [Dishcovery] [http-nio-9191-exec-7] s.w.s.m.m.a.RequestMappingHandlerMapping : Mapped to org.springframework.boot.autoconfigure.web.servlet.error.BasicErrorController#error(HttpServletRequest)
2025-12-14T18:09:33.972+09:00 DEBUG 39525 --- [Dishcovery] [http-nio-9191-exec-7] o.s.w.s.m.m.a.HttpEntityMethodProcessor  : Using 'application/json;q=0.8', given [image/avif, image/webp, image/apng, image/svg+xml, image/*, */*;q=0.8] and supported [application/json, application/*+json]
2025-12-14T18:09:33.972+09:00 DEBUG 39525 --- [Dishcovery] [http-nio-9191-exec-2] o.s.w.s.m.m.a.HttpEntityMethodProcessor  : Using 'application/json;q=0.8', given [image/avif, image/webp, image/apng, image/svg+xml, image/*, */*;q=0.8] and supported [application/json, application/*+json]
2025-12-14T18:09:33.973+09:00 DEBUG 39525 --- [Dishcovery] [http-nio-9191-exec-7] o.s.w.s.m.m.a.HttpEntityMethodProcessor  : Writing [{timestamp=Sun Dec 14 18:09:33 KST 2025, status=404, error=Not Found, trace=org.springframework.web. (truncated)...]
2025-12-14T18:09:33.973+09:00 DEBUG 39525 --- [Dishcovery] [http-nio-9191-exec-2] o.s.w.s.m.m.a.HttpEntityMethodProcessor  : Writing [{timestamp=Sun Dec 14 18:09:33 KST 2025, status=404, error=Not Found, trace=org.springframework.web. (truncated)...]
2025-12-14T18:09:33.974+09:00 DEBUG 39525 --- [Dishcovery] [http-nio-9191-exec-2] o.s.web.servlet.DispatcherServlet        : Exiting from "ERROR" dispatch, status 404
2025-12-14T18:09:33.974+09:00 DEBUG 39525 --- [Dishcovery] [http-nio-9191-exec-7] o.s.web.servlet.DispatcherServlet        : Exiting from "ERROR" dispatch, status 404
2025-12-14T18:09:33.976+09:00 DEBUG 39525 --- [Dishcovery] [http-nio-9191-exec-3] o.s.web.servlet.DispatcherServlet        : GET "/uploads/test1.jpg", parameters={}
2025-12-14T18:09:33.976+09:00 DEBUG 39525 --- [Dishcovery] [http-nio-9191-exec-3] o.s.w.s.handler.SimpleUrlHandlerMapping  : Mapped to ResourceHttpRequestHandler [URL [file:uploads/]]
2025-12-14T18:09:33.977+09:00 DEBUG 39525 --- [Dishcovery] [http-nio-9191-exec-3] o.s.w.s.r.ResourceHttpRequestHandler     : Resource not found
2025-12-14T18:09:33.977+09:00 DEBUG 39525 --- [Dishcovery] [http-nio-9191-exec-3] .w.s.m.s.DefaultHandlerExceptionResolver : Resolved [org.springframework.web.servlet.resource.NoResourceFoundException: No static resource test1.jpg.]
2025-12-14T18:09:33.977+09:00 DEBUG 39525 --- [Dishcovery] [http-nio-9191-exec-3] o.s.web.servlet.DispatcherServlet        : Completed 404 NOT_FOUND
2025-12-14T18:09:33.978+09:00 DEBUG 39525 --- [Dishcovery] [http-nio-9191-exec-3] o.s.web.servlet.DispatcherServlet        : "ERROR" dispatch for GET "/error", parameters={}
2025-12-14T18:09:33.978+09:00 DEBUG 39525 --- [Dishcovery] [http-nio-9191-exec-3] s.w.s.m.m.a.RequestMappingHandlerMapping : Mapped to org.springframework.boot.autoconfigure.web.servlet.error.BasicErrorController#error(HttpServletRequest)
2025-12-14T18:09:33.982+09:00 DEBUG 39525 --- [Dishcovery] [http-nio-9191-exec-3] o.s.w.s.m.m.a.HttpEntityMethodProcessor  : Using 'application/json;q=0.8', given [image/avif, image/webp, image/apng, image/svg+xml, image/*, */*;q=0.8] and supported [application/json, application/*+json]
2025-12-14T18:09:33.982+09:00 DEBUG 39525 --- [Dishcovery] [http-nio-9191-exec-3] o.s.w.s.m.m.a.HttpEntityMethodProcessor  : Writing [{timestamp=Sun Dec 14 18:09:33 KST 2025, status=404, error=Not Found, trace=org.springframework.web. (truncated)...]
2025-12-14T18:09:33.983+09:00 DEBUG 39525 --- [Dishcovery] [http-nio-9191-exec-3] o.s.web.servlet.DispatcherServlet        : Exiting from "ERROR" dispatch, status 404
2025-12-14T18:09:34.104+09:00 DEBUG 39525 --- [Dishcovery] [http-nio-9191-exec-6] o.s.web.servlet.DispatcherServlet        : GET "/recipe/detail?recipeId=R2", parameters={masked}
2025-12-14T18:09:34.104+09:00 DEBUG 39525 --- [Dishcovery] [http-nio-9191-exec-6] s.w.s.m.m.a.RequestMappingHandlerMapping : Mapped to com.spring.dishcovery.controller.RecipeController#recipeDetail(String, Model, HttpServletRequest)
2025-12-14T18:09:34.109+09:00 DEBUG 39525 --- [Dishcovery] [http-nio-9191-exec-6] c.s.d.mapper.CodeMapper.codeList         : ==>  Preparing: SELECT CODE_HEAD ,CODE ,CODE_NAME ,PARENT_CODE ,USE_YN ,CODE_SORT FROM CODE_MANAGE WHERE CODE_HEAD = ? ORDER BY CODE_SORT
2025-12-14T18:09:34.109+09:00 DEBUG 39525 --- [Dishcovery] [http-nio-9191-exec-6] c.s.d.mapper.CodeMapper.codeList         : ==> Parameters: CTG(String)
2025-12-14T18:09:34.112+09:00 DEBUG 39525 --- [Dishcovery] [http-nio-9191-exec-6] c.s.d.mapper.CodeMapper.codeList         : <==      Total: 0
2025-12-14T18:09:34.119+09:00 DEBUG 39525 --- [Dishcovery] [http-nio-9191-exec-6] c.s.d.m.RecipeAppMapper.checkUserView    : ==>  Preparing: SELECT COUNT(*) CNT FROM RECIPE_VIEW_LOG WHERE RECIPE_ID = ? AND USER_ID = ? AND VIEW_DAY = CURDATE()
2025-12-14T18:09:34.120+09:00 DEBUG 39525 --- [Dishcovery] [http-nio-9191-exec-6] c.s.d.m.RecipeAppMapper.checkUserView    : ==> Parameters: R2(String), chanwoo219(String)
2025-12-14T18:09:34.124+09:00 DEBUG 39525 --- [Dishcovery] [http-nio-9191-exec-6] c.s.d.m.RecipeAppMapper.checkUserView    : <==      Total: 1
2025-12-14T18:09:34.124+09:00 DEBUG 39525 --- [Dishcovery] [http-nio-9191-exec-6] c.s.d.m.R.getRecipeDataDetail            : ==>  Preparing: SELECT RECIPE_ID ,USER_ID ,CATEGORY_ID ,TITLE ,RCP_DISC ,COOK_TIME ,COOK_DFCT ,RGT_DATE ,UPD_DATE ,IMG_URL ,recipe_ingr ,recipe_tip ,recipe_tag FROM RECIPE_MASTER WHERE RECIPE_ID = ?
2025-12-14T18:09:34.125+09:00 DEBUG 39525 --- [Dishcovery] [http-nio-9191-exec-6] c.s.d.m.R.getRecipeDataDetail            : ==> Parameters: R2(String)
2025-12-14T18:09:34.126+09:00 DEBUG 39525 --- [Dishcovery] [http-nio-9191-exec-6] c.s.d.m.R.getRecipeDataDetail            : <==      Total: 1
2025-12-14T18:09:34.127+09:00 DEBUG 39525 --- [Dishcovery] [http-nio-9191-exec-6] c.s.d.m.RecipeAppMapper.selectStepList   : ==>  Preparing: SELECT RECIPE_ID ,STEP_ORDER ,STEP_DESCRIPTION FROM RECIPE_STEP WHERE RECIPE_ID = ? ORDER BY STEP_ORDER
2025-12-14T18:09:34.127+09:00 DEBUG 39525 --- [Dishcovery] [http-nio-9191-exec-6] c.s.d.m.RecipeAppMapper.selectStepList   : ==> Parameters: R2(String)
2025-12-14T18:09:34.129+09:00 DEBUG 39525 --- [Dishcovery] [http-nio-9191-exec-6] c.s.d.m.RecipeAppMapper.selectStepList   : <==      Total: 0
2025-12-14T18:09:34.133+09:00 DEBUG 39525 --- [Dishcovery] [http-nio-9191-exec-6] o.s.w.s.v.ContentNegotiatingViewResolver : Selected 'text/html' given [text/html, application/xhtml+xml, image/avif, image/webp, image/apng, application/xml;q=0.9, */*;q=0.8, application/signed-exchange;v=b3;q=0.7]
2025-12-14T18:09:34.135+09:00  WARN 39525 --- [Dishcovery] [http-nio-9191-exec-6] actStandardFragmentInsertionTagProcessor : [THYMELEAF][http-nio-9191-exec-6][recipe/RecipeDetail] Deprecated unwrapped fragment expression "fragments/header :: site-header" found in template recipe/RecipeDetail, line 12, col 8. Please use the complete syntax of fragment expressions instead ("~{fragments/header :: site-header}"). The old, unwrapped syntax for fragment expressions will be removed in future versions of Thymeleaf.
2025-12-14T18:09:34.140+09:00 DEBUG 39525 --- [Dishcovery] [http-nio-9191-exec-6] o.s.web.servlet.DispatcherServlet        : Completed 200 OK
2025-12-14T18:09:34.149+09:00 DEBUG 39525 --- [Dishcovery] [http-nio-9191-exec-8] o.s.web.servlet.DispatcherServlet        : GET "/css/register.css", parameters={}
2025-12-14T18:09:34.149+09:00 DEBUG 39525 --- [Dishcovery] [http-nio-9191-exec-5] o.s.web.servlet.DispatcherServlet        : GET "/uploads/test2.jpg", parameters={}
2025-12-14T18:09:34.150+09:00 DEBUG 39525 --- [Dishcovery] [http-nio-9191-exec-4] o.s.web.servlet.DispatcherServlet        : GET "/js/register.js", parameters={}
2025-12-14T18:09:34.150+09:00 DEBUG 39525 --- [Dishcovery] [http-nio-9191-exec-5] o.s.w.s.handler.SimpleUrlHandlerMapping  : Mapped to ResourceHttpRequestHandler [URL [file:uploads/]]
2025-12-14T18:09:34.150+09:00 DEBUG 39525 --- [Dishcovery] [http-nio-9191-exec-5] o.s.w.s.r.ResourceHttpRequestHandler     : Resource not found
2025-12-14T18:09:34.150+09:00 DEBUG 39525 --- [Dishcovery] [http-nio-9191-exec-5] .w.s.m.s.DefaultHandlerExceptionResolver : Resolved [org.springframework.web.servlet.resource.NoResourceFoundException: No static resource test2.jpg.]
2025-12-14T18:09:34.151+09:00 DEBUG 39525 --- [Dishcovery] [http-nio-9191-exec-5] o.s.web.servlet.DispatcherServlet        : Completed 404 NOT_FOUND
2025-12-14T18:09:34.150+09:00 DEBUG 39525 --- [Dishcovery] [http-nio-9191-exec-8] o.s.w.s.handler.SimpleUrlHandlerMapping  : Mapped to ResourceHttpRequestHandler [classpath [static/css/]]
2025-12-14T18:09:34.150+09:00 DEBUG 39525 --- [Dishcovery] [http-nio-9191-exec-4] o.s.w.s.handler.SimpleUrlHandlerMapping  : Mapped to ResourceHttpRequestHandler [classpath [static/js/]]
2025-12-14T18:09:34.152+09:00 DEBUG 39525 --- [Dishcovery] [http-nio-9191-exec-5] o.s.web.servlet.DispatcherServlet        : "ERROR" dispatch for GET "/error", parameters={}
2025-12-14T18:09:34.152+09:00 DEBUG 39525 --- [Dishcovery] [http-nio-9191-exec-5] s.w.s.m.m.a.RequestMappingHandlerMapping : Mapped to org.springframework.boot.autoconfigure.web.servlet.error.BasicErrorController#error(HttpServletRequest)
2025-12-14T18:09:34.153+09:00 DEBUG 39525 --- [Dishcovery] [http-nio-9191-exec-4] o.s.web.servlet.DispatcherServlet        : Completed 200 OK
2025-12-14T18:09:34.153+09:00 DEBUG 39525 --- [Dishcovery] [http-nio-9191-exec-8] o.s.web.servlet.DispatcherServlet        : Completed 200 OK
2025-12-14T18:09:34.155+09:00 DEBUG 39525 --- [Dishcovery] [http-nio-9191-exec-5] o.s.w.s.m.m.a.HttpEntityMethodProcessor  : Using 'application/json;q=0.8', given [image/avif, image/webp, image/apng, image/svg+xml, image/*, */*;q=0.8] and supported [application/json, application/*+json]
2025-12-14T18:09:34.156+09:00 DEBUG 39525 --- [Dishcovery] [http-nio-9191-exec-5] o.s.w.s.m.m.a.HttpEntityMethodProcessor  : Writing [{timestamp=Sun Dec 14 18:09:34 KST 2025, status=404, error=Not Found, trace=org.springframework.web. (truncated)...]
2025-12-14T18:09:34.157+09:00 DEBUG 39525 --- [Dishcovery] [http-nio-9191-exec-5] o.s.web.servlet.DispatcherServlet        : Exiting from "ERROR" dispatch, status 404
2025-12-14T18:09:37.661+09:00 DEBUG 39525 --- [Dishcovery] [http-nio-9191-exec-2] o.s.web.servlet.DispatcherServlet        : GET "/pageGubun?gubun=recipe&sort=popular", parameters={masked}
2025-12-14T18:09:37.662+09:00 DEBUG 39525 --- [Dishcovery] [http-nio-9191-exec-2] s.w.s.m.m.a.RequestMappingHandlerMapping : Mapped to com.spring.dishcovery.controller.MainController#pageGubun(String, Model, HttpServletRequest)
2025-12-14T18:09:37.669+09:00 DEBUG 39525 --- [Dishcovery] [http-nio-9191-exec-2] c.s.d.m.RecipeAppMapper.getAllRecipes    : ==>  Preparing: SELECT RECIPE_ID ,USER_ID ,CATEGORY_ID ,TITLE ,RCP_DISC ,COOK_TIME ,COOK_DFCT ,RGT_DATE ,UPD_DATE ,IMG_URL ,RECIPE_INGR ,RECIPE_TIP ,RECIPE_TAG ,VIEW_COUNT FROM RECIPE_MASTER ORDER BY RGT_DATE DESC
2025-12-14T18:09:37.669+09:00 DEBUG 39525 --- [Dishcovery] [http-nio-9191-exec-2] c.s.d.m.RecipeAppMapper.getAllRecipes    : ==> Parameters: 
2025-12-14T18:09:37.672+09:00 DEBUG 39525 --- [Dishcovery] [http-nio-9191-exec-2] c.s.d.m.RecipeAppMapper.getAllRecipes    : <==      Total: 3
2025-12-14T18:09:37.674+09:00 DEBUG 39525 --- [Dishcovery] [http-nio-9191-exec-2] o.s.w.s.v.ContentNegotiatingViewResolver : Selected 'text/html' given [text/html, application/xhtml+xml, image/avif, image/webp, image/apng, application/xml;q=0.9, */*;q=0.8, application/signed-exchange;v=b3;q=0.7]
2025-12-14T18:09:37.675+09:00  WARN 39525 --- [Dishcovery] [http-nio-9191-exec-2] actStandardFragmentInsertionTagProcessor : [THYMELEAF][http-nio-9191-exec-2][/mainPage] Deprecated unwrapped fragment expression "fragments/header :: site-header" found in template /mainPage, line 12, col 14. Please use the complete syntax of fragment expressions instead ("~{fragments/header :: site-header}"). The old, unwrapped syntax for fragment expressions will be removed in future versions of Thymeleaf.
2025-12-14T18:09:37.679+09:00 DEBUG 39525 --- [Dishcovery] [http-nio-9191-exec-2] o.s.web.servlet.DispatcherServlet        : Completed 200 OK
2025-12-14T18:09:37.692+09:00 DEBUG 39525 --- [Dishcovery] [http-nio-9191-exec-7] o.s.web.servlet.DispatcherServlet        : GET "/uploads/test2.jpg", parameters={}
2025-12-14T18:09:37.692+09:00 DEBUG 39525 --- [Dishcovery] [http-nio-9191-exec-3] o.s.web.servlet.DispatcherServlet        : GET "/uploads/test3.jpg", parameters={}
2025-12-14T18:09:37.693+09:00 DEBUG 39525 --- [Dishcovery] [http-nio-9191-exec-7] o.s.w.s.handler.SimpleUrlHandlerMapping  : Mapped to ResourceHttpRequestHandler [URL [file:uploads/]]
2025-12-14T18:09:37.693+09:00 DEBUG 39525 --- [Dishcovery] [http-nio-9191-exec-3] o.s.w.s.handler.SimpleUrlHandlerMapping  : Mapped to ResourceHttpRequestHandler [URL [file:uploads/]]
2025-12-14T18:09:37.693+09:00 DEBUG 39525 --- [Dishcovery] [http-nio-9191-exec-7] o.s.w.s.r.ResourceHttpRequestHandler     : Resource not found
2025-12-14T18:09:37.693+09:00 DEBUG 39525 --- [Dishcovery] [http-nio-9191-exec-3] o.s.w.s.r.ResourceHttpRequestHandler     : Resource not found
2025-12-14T18:09:37.693+09:00 DEBUG 39525 --- [Dishcovery] [http-nio-9191-exec-3] .w.s.m.s.DefaultHandlerExceptionResolver : Resolved [org.springframework.web.servlet.resource.NoResourceFoundException: No static resource test3.jpg.]
2025-12-14T18:09:37.693+09:00 DEBUG 39525 --- [Dishcovery] [http-nio-9191-exec-7] .w.s.m.s.DefaultHandlerExceptionResolver : Resolved [org.springframework.web.servlet.resource.NoResourceFoundException: No static resource test2.jpg.]
2025-12-14T18:09:37.693+09:00 DEBUG 39525 --- [Dishcovery] [http-nio-9191-exec-3] o.s.web.servlet.DispatcherServlet        : Completed 404 NOT_FOUND
2025-12-14T18:09:37.693+09:00 DEBUG 39525 --- [Dishcovery] [http-nio-9191-exec-7] o.s.web.servlet.DispatcherServlet        : Completed 404 NOT_FOUND
2025-12-14T18:09:37.694+09:00 DEBUG 39525 --- [Dishcovery] [http-nio-9191-exec-3] o.s.web.servlet.DispatcherServlet        : "ERROR" dispatch for GET "/error", parameters={}
2025-12-14T18:09:37.694+09:00 DEBUG 39525 --- [Dishcovery] [http-nio-9191-exec-7] o.s.web.servlet.DispatcherServlet        : "ERROR" dispatch for GET "/error", parameters={}
2025-12-14T18:09:37.694+09:00 DEBUG 39525 --- [Dishcovery] [http-nio-9191-exec-3] s.w.s.m.m.a.RequestMappingHandlerMapping : Mapped to org.springframework.boot.autoconfigure.web.servlet.error.BasicErrorController#error(HttpServletRequest)
2025-12-14T18:09:37.694+09:00 DEBUG 39525 --- [Dishcovery] [http-nio-9191-exec-7] s.w.s.m.m.a.RequestMappingHandlerMapping : Mapped to org.springframework.boot.autoconfigure.web.servlet.error.BasicErrorController#error(HttpServletRequest)
2025-12-14T18:09:37.702+09:00 DEBUG 39525 --- [Dishcovery] [http-nio-9191-exec-6] o.s.web.servlet.DispatcherServlet        : GET "/uploads/test1.jpg", parameters={}
2025-12-14T18:09:37.702+09:00 DEBUG 39525 --- [Dishcovery] [http-nio-9191-exec-6] o.s.w.s.handler.SimpleUrlHandlerMapping  : Mapped to ResourceHttpRequestHandler [URL [file:uploads/]]
2025-12-14T18:09:37.702+09:00 DEBUG 39525 --- [Dishcovery] [http-nio-9191-exec-6] o.s.w.s.r.ResourceHttpRequestHandler     : Resource not found
2025-12-14T18:09:37.703+09:00 DEBUG 39525 --- [Dishcovery] [http-nio-9191-exec-6] .w.s.m.s.DefaultHandlerExceptionResolver : Resolved [org.springframework.web.servlet.resource.NoResourceFoundException: No static resource test1.jpg.]
2025-12-14T18:09:37.703+09:00 DEBUG 39525 --- [Dishcovery] [http-nio-9191-exec-6] o.s.web.servlet.DispatcherServlet        : Completed 404 NOT_FOUND
2025-12-14T18:09:37.703+09:00 DEBUG 39525 --- [Dishcovery] [http-nio-9191-exec-6] o.s.web.servlet.DispatcherServlet        : "ERROR" dispatch for GET "/error", parameters={}
2025-12-14T18:09:37.703+09:00 DEBUG 39525 --- [Dishcovery] [http-nio-9191-exec-6] s.w.s.m.m.a.RequestMappingHandlerMapping : Mapped to org.springframework.boot.autoconfigure.web.servlet.error.BasicErrorController#error(HttpServletRequest)
2025-12-14T18:09:37.703+09:00 DEBUG 39525 --- [Dishcovery] [http-nio-9191-exec-3] o.s.w.s.m.m.a.HttpEntityMethodProcessor  : Using 'application/json;q=0.8', given [image/avif, image/webp, image/apng, image/svg+xml, image/*, */*;q=0.8] and supported [application/json, application/*+json]
2025-12-14T18:09:37.703+09:00 DEBUG 39525 --- [Dishcovery] [http-nio-9191-exec-3] o.s.w.s.m.m.a.HttpEntityMethodProcessor  : Writing [{timestamp=Sun Dec 14 18:09:37 KST 2025, status=404, error=Not Found, trace=org.springframework.web. (truncated)...]
2025-12-14T18:09:37.704+09:00 DEBUG 39525 --- [Dishcovery] [http-nio-9191-exec-7] o.s.w.s.m.m.a.HttpEntityMethodProcessor  : Using 'application/json;q=0.8', given [image/avif, image/webp, image/apng, image/svg+xml, image/*, */*;q=0.8] and supported [application/json, application/*+json]
2025-12-14T18:09:37.704+09:00 DEBUG 39525 --- [Dishcovery] [http-nio-9191-exec-3] o.s.web.servlet.DispatcherServlet        : Exiting from "ERROR" dispatch, status 404
2025-12-14T18:09:37.704+09:00 DEBUG 39525 --- [Dishcovery] [http-nio-9191-exec-7] o.s.w.s.m.m.a.HttpEntityMethodProcessor  : Writing [{timestamp=Sun Dec 14 18:09:37 KST 2025, status=404, error=Not Found, trace=org.springframework.web. (truncated)...]
2025-12-14T18:09:37.705+09:00 DEBUG 39525 --- [Dishcovery] [http-nio-9191-exec-7] o.s.web.servlet.DispatcherServlet        : Exiting from "ERROR" dispatch, status 404
2025-12-14T18:09:37.706+09:00 DEBUG 39525 --- [Dishcovery] [http-nio-9191-exec-6] o.s.w.s.m.m.a.HttpEntityMethodProcessor  : Using 'application/json;q=0.8', given [image/avif, image/webp, image/apng, image/svg+xml, image/*, */*;q=0.8] and supported [application/json, application/*+json]
2025-12-14T18:09:37.706+09:00 DEBUG 39525 --- [Dishcovery] [http-nio-9191-exec-6] o.s.w.s.m.m.a.HttpEntityMethodProcessor  : Writing [{timestamp=Sun Dec 14 18:09:37 KST 2025, status=404, error=Not Found, trace=org.springframework.web. (truncated)...]
2025-12-14T18:09:37.706+09:00 DEBUG 39525 --- [Dishcovery] [http-nio-9191-exec-6] o.s.web.servlet.DispatcherServlet        : Exiting from "ERROR" dispatch, status 404
2025-12-14T18:09:38.216+09:00 DEBUG 39525 --- [Dishcovery] [http-nio-9191-exec-8] o.s.web.servlet.DispatcherServlet        : GET "/pageGubun?gubun=recipe&sort=recommend", parameters={masked}
2025-12-14T18:09:38.217+09:00 DEBUG 39525 --- [Dishcovery] [http-nio-9191-exec-8] s.w.s.m.m.a.RequestMappingHandlerMapping : Mapped to com.spring.dishcovery.controller.MainController#pageGubun(String, Model, HttpServletRequest)
2025-12-14T18:09:38.222+09:00 DEBUG 39525 --- [Dishcovery] [http-nio-9191-exec-8] c.s.d.m.RecipeAppMapper.getAllRecipes    : ==>  Preparing: SELECT RECIPE_ID ,USER_ID ,CATEGORY_ID ,TITLE ,RCP_DISC ,COOK_TIME ,COOK_DFCT ,RGT_DATE ,UPD_DATE ,IMG_URL ,RECIPE_INGR ,RECIPE_TIP ,RECIPE_TAG ,VIEW_COUNT FROM RECIPE_MASTER ORDER BY RGT_DATE DESC
2025-12-14T18:09:38.222+09:00 DEBUG 39525 --- [Dishcovery] [http-nio-9191-exec-8] c.s.d.m.RecipeAppMapper.getAllRecipes    : ==> Parameters: 
2025-12-14T18:09:38.227+09:00 DEBUG 39525 --- [Dishcovery] [http-nio-9191-exec-8] c.s.d.m.RecipeAppMapper.getAllRecipes    : <==      Total: 3
2025-12-14T18:09:38.227+09:00 DEBUG 39525 --- [Dishcovery] [http-nio-9191-exec-8] o.s.w.s.v.ContentNegotiatingViewResolver : Selected 'text/html' given [text/html, application/xhtml+xml, image/avif, image/webp, image/apng, application/xml;q=0.9, */*;q=0.8, application/signed-exchange;v=b3;q=0.7]
2025-12-14T18:09:38.228+09:00  WARN 39525 --- [Dishcovery] [http-nio-9191-exec-8] actStandardFragmentInsertionTagProcessor : [THYMELEAF][http-nio-9191-exec-8][/mainPage] Deprecated unwrapped fragment expression "fragments/header :: site-header" found in template /mainPage, line 12, col 14. Please use the complete syntax of fragment expressions instead ("~{fragments/header :: site-header}"). The old, unwrapped syntax for fragment expressions will be removed in future versions of Thymeleaf.
2025-12-14T18:09:38.232+09:00 DEBUG 39525 --- [Dishcovery] [http-nio-9191-exec-8] o.s.web.servlet.DispatcherServlet        : Completed 200 OK
2025-12-14T18:09:38.240+09:00 DEBUG 39525 --- [Dishcovery] [http-nio-9191-exec-4] o.s.web.servlet.DispatcherServlet        : GET "/uploads/test2.jpg", parameters={}
2025-12-14T18:09:38.243+09:00 DEBUG 39525 --- [Dishcovery] [http-nio-9191-exec-4] o.s.w.s.handler.SimpleUrlHandlerMapping  : Mapped to ResourceHttpRequestHandler [URL [file:uploads/]]
2025-12-14T18:09:38.243+09:00 DEBUG 39525 --- [Dishcovery] [http-nio-9191-exec-4] o.s.w.s.r.ResourceHttpRequestHandler     : Resource not found
2025-12-14T18:09:38.243+09:00 DEBUG 39525 --- [Dishcovery] [http-nio-9191-exec-4] .w.s.m.s.DefaultHandlerExceptionResolver : Resolved [org.springframework.web.servlet.resource.NoResourceFoundException: No static resource test2.jpg.]
2025-12-14T18:09:38.243+09:00 DEBUG 39525 --- [Dishcovery] [http-nio-9191-exec-4] o.s.web.servlet.DispatcherServlet        : Completed 404 NOT_FOUND
2025-12-14T18:09:38.243+09:00 DEBUG 39525 --- [Dishcovery] [http-nio-9191-exec-5] o.s.web.servlet.DispatcherServlet        : GET "/uploads/test3.jpg", parameters={}
2025-12-14T18:09:38.243+09:00 DEBUG 39525 --- [Dishcovery] [http-nio-9191-exec-10] o.s.web.servlet.DispatcherServlet        : GET "/uploads/test1.jpg", parameters={}
2025-12-14T18:09:38.244+09:00 DEBUG 39525 --- [Dishcovery] [http-nio-9191-exec-5] o.s.w.s.handler.SimpleUrlHandlerMapping  : Mapped to ResourceHttpRequestHandler [URL [file:uploads/]]
2025-12-14T18:09:38.244+09:00 DEBUG 39525 --- [Dishcovery] [http-nio-9191-exec-10] o.s.w.s.handler.SimpleUrlHandlerMapping  : Mapped to ResourceHttpRequestHandler [URL [file:uploads/]]
2025-12-14T18:09:38.244+09:00 DEBUG 39525 --- [Dishcovery] [http-nio-9191-exec-10] o.s.w.s.r.ResourceHttpRequestHandler     : Resource not found
2025-12-14T18:09:38.244+09:00 DEBUG 39525 --- [Dishcovery] [http-nio-9191-exec-5] o.s.w.s.r.ResourceHttpRequestHandler     : Resource not found
2025-12-14T18:09:38.244+09:00 DEBUG 39525 --- [Dishcovery] [http-nio-9191-exec-4] o.s.web.servlet.DispatcherServlet        : "ERROR" dispatch for GET "/error", parameters={}
2025-12-14T18:09:38.244+09:00 DEBUG 39525 --- [Dishcovery] [http-nio-9191-exec-5] .w.s.m.s.DefaultHandlerExceptionResolver : Resolved [org.springframework.web.servlet.resource.NoResourceFoundException: No static resource test3.jpg.]
2025-12-14T18:09:38.244+09:00 DEBUG 39525 --- [Dishcovery] [http-nio-9191-exec-10] .w.s.m.s.DefaultHandlerExceptionResolver : Resolved [org.springframework.web.servlet.resource.NoResourceFoundException: No static resource test1.jpg.]
2025-12-14T18:09:38.244+09:00 DEBUG 39525 --- [Dishcovery] [http-nio-9191-exec-10] o.s.web.servlet.DispatcherServlet        : Completed 404 NOT_FOUND
2025-12-14T18:09:38.244+09:00 DEBUG 39525 --- [Dishcovery] [http-nio-9191-exec-4] s.w.s.m.m.a.RequestMappingHandlerMapping : Mapped to org.springframework.boot.autoconfigure.web.servlet.error.BasicErrorController#error(HttpServletRequest)
2025-12-14T18:09:38.244+09:00 DEBUG 39525 --- [Dishcovery] [http-nio-9191-exec-5] o.s.web.servlet.DispatcherServlet        : Completed 404 NOT_FOUND
2025-12-14T18:09:38.245+09:00 DEBUG 39525 --- [Dishcovery] [http-nio-9191-exec-10] o.s.web.servlet.DispatcherServlet        : "ERROR" dispatch for GET "/error", parameters={}
2025-12-14T18:09:38.245+09:00 DEBUG 39525 --- [Dishcovery] [http-nio-9191-exec-5] o.s.web.servlet.DispatcherServlet        : "ERROR" dispatch for GET "/error", parameters={}
2025-12-14T18:09:38.245+09:00 DEBUG 39525 --- [Dishcovery] [http-nio-9191-exec-10] s.w.s.m.m.a.RequestMappingHandlerMapping : Mapped to org.springframework.boot.autoconfigure.web.servlet.error.BasicErrorController#error(HttpServletRequest)
2025-12-14T18:09:38.245+09:00 DEBUG 39525 --- [Dishcovery] [http-nio-9191-exec-5] s.w.s.m.m.a.RequestMappingHandlerMapping : Mapped to org.springframework.boot.autoconfigure.web.servlet.error.BasicErrorController#error(HttpServletRequest)
2025-12-14T18:09:38.247+09:00 DEBUG 39525 --- [Dishcovery] [http-nio-9191-exec-4] o.s.w.s.m.m.a.HttpEntityMethodProcessor  : Using 'application/json;q=0.8', given [image/avif, image/webp, image/apng, image/svg+xml, image/*, */*;q=0.8] and supported [application/json, application/*+json]
2025-12-14T18:09:38.247+09:00 DEBUG 39525 --- [Dishcovery] [http-nio-9191-exec-5] o.s.w.s.m.m.a.HttpEntityMethodProcessor  : Using 'application/json;q=0.8', given [image/avif, image/webp, image/apng, image/svg+xml, image/*, */*;q=0.8] and supported [application/json, application/*+json]
2025-12-14T18:09:38.247+09:00 DEBUG 39525 --- [Dishcovery] [http-nio-9191-exec-10] o.s.w.s.m.m.a.HttpEntityMethodProcessor  : Using 'application/json;q=0.8', given [image/avif, image/webp, image/apng, image/svg+xml, image/*, */*;q=0.8] and supported [application/json, application/*+json]
2025-12-14T18:09:38.248+09:00 DEBUG 39525 --- [Dishcovery] [http-nio-9191-exec-5] o.s.w.s.m.m.a.HttpEntityMethodProcessor  : Writing [{timestamp=Sun Dec 14 18:09:38 KST 2025, status=404, error=Not Found, trace=org.springframework.web. (truncated)...]
2025-12-14T18:09:38.248+09:00 DEBUG 39525 --- [Dishcovery] [http-nio-9191-exec-4] o.s.w.s.m.m.a.HttpEntityMethodProcessor  : Writing [{timestamp=Sun Dec 14 18:09:38 KST 2025, status=404, error=Not Found, trace=org.springframework.web. (truncated)...]
2025-12-14T18:09:38.248+09:00 DEBUG 39525 --- [Dishcovery] [http-nio-9191-exec-10] o.s.w.s.m.m.a.HttpEntityMethodProcessor  : Writing [{timestamp=Sun Dec 14 18:09:38 KST 2025, status=404, error=Not Found, trace=org.springframework.web. (truncated)...]
2025-12-14T18:09:38.248+09:00 DEBUG 39525 --- [Dishcovery] [http-nio-9191-exec-4] o.s.web.servlet.DispatcherServlet        : Exiting from "ERROR" dispatch, status 404
2025-12-14T18:09:38.248+09:00 DEBUG 39525 --- [Dishcovery] [http-nio-9191-exec-5] o.s.web.servlet.DispatcherServlet        : Exiting from "ERROR" dispatch, status 404
2025-12-14T18:09:38.248+09:00 DEBUG 39525 --- [Dishcovery] [http-nio-9191-exec-10] o.s.web.servlet.DispatcherServlet        : Exiting from "ERROR" dispatch, status 404
2025-12-14T18:09:38.845+09:00 DEBUG 39525 --- [Dishcovery] [http-nio-9191-exec-9] o.s.web.servlet.DispatcherServlet        : GET "/pageGubun?gubun=recipe&sort=latest", parameters={masked}
2025-12-14T18:09:38.846+09:00 DEBUG 39525 --- [Dishcovery] [http-nio-9191-exec-9] s.w.s.m.m.a.RequestMappingHandlerMapping : Mapped to com.spring.dishcovery.controller.MainController#pageGubun(String, Model, HttpServletRequest)
2025-12-14T18:09:38.848+09:00 DEBUG 39525 --- [Dishcovery] [http-nio-9191-exec-9] c.s.d.m.RecipeAppMapper.getAllRecipes    : ==>  Preparing: SELECT RECIPE_ID ,USER_ID ,CATEGORY_ID ,TITLE ,RCP_DISC ,COOK_TIME ,COOK_DFCT ,RGT_DATE ,UPD_DATE ,IMG_URL ,RECIPE_INGR ,RECIPE_TIP ,RECIPE_TAG ,VIEW_COUNT FROM RECIPE_MASTER ORDER BY RGT_DATE DESC
2025-12-14T18:09:38.848+09:00 DEBUG 39525 --- [Dishcovery] [http-nio-9191-exec-9] c.s.d.m.RecipeAppMapper.getAllRecipes    : ==> Parameters: 
2025-12-14T18:09:38.850+09:00 DEBUG 39525 --- [Dishcovery] [http-nio-9191-exec-9] c.s.d.m.RecipeAppMapper.getAllRecipes    : <==      Total: 3
2025-12-14T18:09:38.850+09:00 DEBUG 39525 --- [Dishcovery] [http-nio-9191-exec-9] o.s.w.s.v.ContentNegotiatingViewResolver : Selected 'text/html' given [text/html, application/xhtml+xml, image/avif, image/webp, image/apng, application/xml;q=0.9, */*;q=0.8, application/signed-exchange;v=b3;q=0.7]
2025-12-14T18:09:38.851+09:00  WARN 39525 --- [Dishcovery] [http-nio-9191-exec-9] actStandardFragmentInsertionTagProcessor : [THYMELEAF][http-nio-9191-exec-9][/mainPage] Deprecated unwrapped fragment expression "fragments/header :: site-header" found in template /mainPage, line 12, col 14. Please use the complete syntax of fragment expressions instead ("~{fragments/header :: site-header}"). The old, unwrapped syntax for fragment expressions will be removed in future versions of Thymeleaf.
2025-12-14T18:09:38.853+09:00 DEBUG 39525 --- [Dishcovery] [http-nio-9191-exec-9] o.s.web.servlet.DispatcherServlet        : Completed 200 OK
2025-12-14T18:09:38.888+09:00 DEBUG 39525 --- [Dishcovery] [http-nio-9191-exec-1] o.s.web.servlet.DispatcherServlet        : GET "/uploads/test2.jpg", parameters={}
2025-12-14T18:09:38.888+09:00 DEBUG 39525 --- [Dishcovery] [http-nio-9191-exec-1] o.s.w.s.handler.SimpleUrlHandlerMapping  : Mapped to ResourceHttpRequestHandler [URL [file:uploads/]]
2025-12-14T18:09:38.888+09:00 DEBUG 39525 --- [Dishcovery] [http-nio-9191-exec-1] o.s.w.s.r.ResourceHttpRequestHandler     : Resource not found
2025-12-14T18:09:38.888+09:00 DEBUG 39525 --- [Dishcovery] [http-nio-9191-exec-1] .w.s.m.s.DefaultHandlerExceptionResolver : Resolved [org.springframework.web.servlet.resource.NoResourceFoundException: No static resource test2.jpg.]
2025-12-14T18:09:38.888+09:00 DEBUG 39525 --- [Dishcovery] [http-nio-9191-exec-1] o.s.web.servlet.DispatcherServlet        : Completed 404 NOT_FOUND
2025-12-14T18:09:38.889+09:00 DEBUG 39525 --- [Dishcovery] [http-nio-9191-exec-1] o.s.web.servlet.DispatcherServlet        : "ERROR" dispatch for GET "/error", parameters={}
2025-12-14T18:09:38.889+09:00 DEBUG 39525 --- [Dishcovery] [http-nio-9191-exec-1] s.w.s.m.m.a.RequestMappingHandlerMapping : Mapped to org.springframework.boot.autoconfigure.web.servlet.error.BasicErrorController#error(HttpServletRequest)
2025-12-14T18:09:38.892+09:00 DEBUG 39525 --- [Dishcovery] [http-nio-9191-exec-3] o.s.web.servlet.DispatcherServlet        : GET "/uploads/test1.jpg", parameters={}
2025-12-14T18:09:38.892+09:00 DEBUG 39525 --- [Dishcovery] [http-nio-9191-exec-2] o.s.web.servlet.DispatcherServlet        : GET "/uploads/test3.jpg", parameters={}
2025-12-14T18:09:38.892+09:00 DEBUG 39525 --- [Dishcovery] [http-nio-9191-exec-3] o.s.w.s.handler.SimpleUrlHandlerMapping  : Mapped to ResourceHttpRequestHandler [URL [file:uploads/]]
2025-12-14T18:09:38.892+09:00 DEBUG 39525 --- [Dishcovery] [http-nio-9191-exec-1] o.s.w.s.m.m.a.HttpEntityMethodProcessor  : Using 'application/json;q=0.8', given [image/avif, image/webp, image/apng, image/svg+xml, image/*, */*;q=0.8] and supported [application/json, application/*+json]
2025-12-14T18:09:38.892+09:00 DEBUG 39525 --- [Dishcovery] [http-nio-9191-exec-2] o.s.w.s.handler.SimpleUrlHandlerMapping  : Mapped to ResourceHttpRequestHandler [URL [file:uploads/]]
2025-12-14T18:09:38.892+09:00 DEBUG 39525 --- [Dishcovery] [http-nio-9191-exec-3] o.s.w.s.r.ResourceHttpRequestHandler     : Resource not found
2025-12-14T18:09:38.892+09:00 DEBUG 39525 --- [Dishcovery] [http-nio-9191-exec-2] o.s.w.s.r.ResourceHttpRequestHandler     : Resource not found
2025-12-14T18:09:38.893+09:00 DEBUG 39525 --- [Dishcovery] [http-nio-9191-exec-1] o.s.w.s.m.m.a.HttpEntityMethodProcessor  : Writing [{timestamp=Sun Dec 14 18:09:38 KST 2025, status=404, error=Not Found, trace=org.springframework.web. (truncated)...]
2025-12-14T18:09:38.893+09:00 DEBUG 39525 --- [Dishcovery] [http-nio-9191-exec-2] .w.s.m.s.DefaultHandlerExceptionResolver : Resolved [org.springframework.web.servlet.resource.NoResourceFoundException: No static resource test3.jpg.]
2025-12-14T18:09:38.893+09:00 DEBUG 39525 --- [Dishcovery] [http-nio-9191-exec-3] .w.s.m.s.DefaultHandlerExceptionResolver : Resolved [org.springframework.web.servlet.resource.NoResourceFoundException: No static resource test1.jpg.]
2025-12-14T18:09:38.893+09:00 DEBUG 39525 --- [Dishcovery] [http-nio-9191-exec-2] o.s.web.servlet.DispatcherServlet        : Completed 404 NOT_FOUND
2025-12-14T18:09:38.893+09:00 DEBUG 39525 --- [Dishcovery] [http-nio-9191-exec-3] o.s.web.servlet.DispatcherServlet        : Completed 404 NOT_FOUND
2025-12-14T18:09:38.893+09:00 DEBUG 39525 --- [Dishcovery] [http-nio-9191-exec-1] o.s.web.servlet.DispatcherServlet        : Exiting from "ERROR" dispatch, status 404
2025-12-14T18:09:38.893+09:00 DEBUG 39525 --- [Dishcovery] [http-nio-9191-exec-2] o.s.web.servlet.DispatcherServlet        : "ERROR" dispatch for GET "/error", parameters={}
2025-12-14T18:09:38.893+09:00 DEBUG 39525 --- [Dishcovery] [http-nio-9191-exec-3] o.s.web.servlet.DispatcherServlet        : "ERROR" dispatch for GET "/error", parameters={}
2025-12-14T18:09:38.894+09:00 DEBUG 39525 --- [Dishcovery] [http-nio-9191-exec-2] s.w.s.m.m.a.RequestMappingHandlerMapping : Mapped to org.springframework.boot.autoconfigure.web.servlet.error.BasicErrorController#error(HttpServletRequest)
2025-12-14T18:09:38.894+09:00 DEBUG 39525 --- [Dishcovery] [http-nio-9191-exec-3] s.w.s.m.m.a.RequestMappingHandlerMapping : Mapped to org.springframework.boot.autoconfigure.web.servlet.error.BasicErrorController#error(HttpServletRequest)
2025-12-14T18:09:38.897+09:00 DEBUG 39525 --- [Dishcovery] [http-nio-9191-exec-2] o.s.w.s.m.m.a.HttpEntityMethodProcessor  : Using 'application/json;q=0.8', given [image/avif, image/webp, image/apng, image/svg+xml, image/*, */*;q=0.8] and supported [application/json, application/*+json]
2025-12-14T18:09:38.897+09:00 DEBUG 39525 --- [Dishcovery] [http-nio-9191-exec-3] o.s.w.s.m.m.a.HttpEntityMethodProcessor  : Using 'application/json;q=0.8', given [image/avif, image/webp, image/apng, image/svg+xml, image/*, */*;q=0.8] and supported [application/json, application/*+json]
2025-12-14T18:09:38.897+09:00 DEBUG 39525 --- [Dishcovery] [http-nio-9191-exec-2] o.s.w.s.m.m.a.HttpEntityMethodProcessor  : Writing [{timestamp=Sun Dec 14 18:09:38 KST 2025, status=404, error=Not Found, trace=org.springframework.web. (truncated)...]
2025-12-14T18:09:38.897+09:00 DEBUG 39525 --- [Dishcovery] [http-nio-9191-exec-3] o.s.w.s.m.m.a.HttpEntityMethodProcessor  : Writing [{timestamp=Sun Dec 14 18:09:38 KST 2025, status=404, error=Not Found, trace=org.springframework.web. (truncated)...]
2025-12-14T18:09:38.897+09:00 DEBUG 39525 --- [Dishcovery] [http-nio-9191-exec-3] o.s.web.servlet.DispatcherServlet        : Exiting from "ERROR" dispatch, status 404
2025-12-14T18:09:38.897+09:00 DEBUG 39525 --- [Dishcovery] [http-nio-9191-exec-2] o.s.web.servlet.DispatcherServlet        : Exiting from "ERROR" dispatch, status 404
2025-12-14T18:09:51.117+09:00 DEBUG 39525 --- [Dishcovery] [http-nio-9191-exec-8] o.s.web.servlet.DispatcherServlet        : GET "/pageGubun?gubun=recipe&sort=popular", parameters={masked}
2025-12-14T18:09:51.118+09:00 DEBUG 39525 --- [Dishcovery] [http-nio-9191-exec-8] s.w.s.m.m.a.RequestMappingHandlerMapping : Mapped to com.spring.dishcovery.controller.MainController#pageGubun(String, Model, HttpServletRequest)
2025-12-14T18:09:51.125+09:00 DEBUG 39525 --- [Dishcovery] [http-nio-9191-exec-8] c.s.d.m.RecipeAppMapper.getAllRecipes    : ==>  Preparing: SELECT RECIPE_ID ,USER_ID ,CATEGORY_ID ,TITLE ,RCP_DISC ,COOK_TIME ,COOK_DFCT ,RGT_DATE ,UPD_DATE ,IMG_URL ,RECIPE_INGR ,RECIPE_TIP ,RECIPE_TAG ,VIEW_COUNT FROM RECIPE_MASTER ORDER BY RGT_DATE DESC
2025-12-14T18:09:51.126+09:00 DEBUG 39525 --- [Dishcovery] [http-nio-9191-exec-8] c.s.d.m.RecipeAppMapper.getAllRecipes    : ==> Parameters: 
2025-12-14T18:09:51.130+09:00 DEBUG 39525 --- [Dishcovery] [http-nio-9191-exec-8] c.s.d.m.RecipeAppMapper.getAllRecipes    : <==      Total: 3
2025-12-14T18:09:51.132+09:00 DEBUG 39525 --- [Dishcovery] [http-nio-9191-exec-8] o.s.w.s.v.ContentNegotiatingViewResolver : Selected 'text/html' given [text/html, application/xhtml+xml, image/avif, image/webp, image/apng, application/xml;q=0.9, */*;q=0.8, application/signed-exchange;v=b3;q=0.7]
2025-12-14T18:09:51.134+09:00  WARN 39525 --- [Dishcovery] [http-nio-9191-exec-8] actStandardFragmentInsertionTagProcessor : [THYMELEAF][http-nio-9191-exec-8][/mainPage] Deprecated unwrapped fragment expression "fragments/header :: site-header" found in template /mainPage, line 12, col 14. Please use the complete syntax of fragment expressions instead ("~{fragments/header :: site-header}"). The old, unwrapped syntax for fragment expressions will be removed in future versions of Thymeleaf.
2025-12-14T18:09:51.138+09:00 DEBUG 39525 --- [Dishcovery] [http-nio-9191-exec-8] o.s.web.servlet.DispatcherServlet        : Completed 200 OK
2025-12-14T18:09:51.152+09:00 DEBUG 39525 --- [Dishcovery] [http-nio-9191-exec-10] o.s.web.servlet.DispatcherServlet        : GET "/uploads/test3.jpg", parameters={}
2025-12-14T18:09:51.152+09:00 DEBUG 39525 --- [Dishcovery] [http-nio-9191-exec-4] o.s.web.servlet.DispatcherServlet        : GET "/uploads/test2.jpg", parameters={}
2025-12-14T18:09:51.155+09:00 DEBUG 39525 --- [Dishcovery] [http-nio-9191-exec-4] o.s.w.s.handler.SimpleUrlHandlerMapping  : Mapped to ResourceHttpRequestHandler [URL [file:uploads/]]
2025-12-14T18:09:51.155+09:00 DEBUG 39525 --- [Dishcovery] [http-nio-9191-exec-10] o.s.w.s.handler.SimpleUrlHandlerMapping  : Mapped to ResourceHttpRequestHandler [URL [file:uploads/]]
2025-12-14T18:09:51.156+09:00 DEBUG 39525 --- [Dishcovery] [http-nio-9191-exec-4] o.s.w.s.r.ResourceHttpRequestHandler     : Resource not found
2025-12-14T18:09:51.156+09:00 DEBUG 39525 --- [Dishcovery] [http-nio-9191-exec-10] o.s.w.s.r.ResourceHttpRequestHandler     : Resource not found
2025-12-14T18:09:51.157+09:00 DEBUG 39525 --- [Dishcovery] [http-nio-9191-exec-4] .w.s.m.s.DefaultHandlerExceptionResolver : Resolved [org.springframework.web.servlet.resource.NoResourceFoundException: No static resource test2.jpg.]
2025-12-14T18:09:51.157+09:00 DEBUG 39525 --- [Dishcovery] [http-nio-9191-exec-10] .w.s.m.s.DefaultHandlerExceptionResolver : Resolved [org.springframework.web.servlet.resource.NoResourceFoundException: No static resource test3.jpg.]
2025-12-14T18:09:51.157+09:00 DEBUG 39525 --- [Dishcovery] [http-nio-9191-exec-4] o.s.web.servlet.DispatcherServlet        : Completed 404 NOT_FOUND
2025-12-14T18:09:51.157+09:00 DEBUG 39525 --- [Dishcovery] [http-nio-9191-exec-10] o.s.web.servlet.DispatcherServlet        : Completed 404 NOT_FOUND
2025-12-14T18:09:51.157+09:00 DEBUG 39525 --- [Dishcovery] [http-nio-9191-exec-5] o.s.web.servlet.DispatcherServlet        : GET "/uploads/test1.jpg", parameters={}
2025-12-14T18:09:51.158+09:00 DEBUG 39525 --- [Dishcovery] [http-nio-9191-exec-10] o.s.web.servlet.DispatcherServlet        : "ERROR" dispatch for GET "/error", parameters={}
2025-12-14T18:09:51.158+09:00 DEBUG 39525 --- [Dishcovery] [http-nio-9191-exec-4] o.s.web.servlet.DispatcherServlet        : "ERROR" dispatch for GET "/error", parameters={}
2025-12-14T18:09:51.158+09:00 DEBUG 39525 --- [Dishcovery] [http-nio-9191-exec-5] o.s.w.s.handler.SimpleUrlHandlerMapping  : Mapped to ResourceHttpRequestHandler [URL [file:uploads/]]
2025-12-14T18:09:51.158+09:00 DEBUG 39525 --- [Dishcovery] [http-nio-9191-exec-10] s.w.s.m.m.a.RequestMappingHandlerMapping : Mapped to org.springframework.boot.autoconfigure.web.servlet.error.BasicErrorController#error(HttpServletRequest)
2025-12-14T18:09:51.158+09:00 DEBUG 39525 --- [Dishcovery] [http-nio-9191-exec-4] s.w.s.m.m.a.RequestMappingHandlerMapping : Mapped to org.springframework.boot.autoconfigure.web.servlet.error.BasicErrorController#error(HttpServletRequest)
2025-12-14T18:09:51.158+09:00 DEBUG 39525 --- [Dishcovery] [http-nio-9191-exec-5] o.s.w.s.r.ResourceHttpRequestHandler     : Resource not found
2025-12-14T18:09:51.158+09:00 DEBUG 39525 --- [Dishcovery] [http-nio-9191-exec-5] .w.s.m.s.DefaultHandlerExceptionResolver : Resolved [org.springframework.web.servlet.resource.NoResourceFoundException: No static resource test1.jpg.]
2025-12-14T18:09:51.158+09:00 DEBUG 39525 --- [Dishcovery] [http-nio-9191-exec-5] o.s.web.servlet.DispatcherServlet        : Completed 404 NOT_FOUND
2025-12-14T18:09:51.159+09:00 DEBUG 39525 --- [Dishcovery] [http-nio-9191-exec-5] o.s.web.servlet.DispatcherServlet        : "ERROR" dispatch for GET "/error", parameters={}
2025-12-14T18:09:51.159+09:00 DEBUG 39525 --- [Dishcovery] [http-nio-9191-exec-5] s.w.s.m.m.a.RequestMappingHandlerMapping : Mapped to org.springframework.boot.autoconfigure.web.servlet.error.BasicErrorController#error(HttpServletRequest)
2025-12-14T18:09:51.161+09:00 DEBUG 39525 --- [Dishcovery] [http-nio-9191-exec-4] o.s.w.s.m.m.a.HttpEntityMethodProcessor  : Using 'application/json;q=0.8', given [image/avif, image/webp, image/apng, image/svg+xml, image/*, */*;q=0.8] and supported [application/json, application/*+json]
2025-12-14T18:09:51.161+09:00 DEBUG 39525 --- [Dishcovery] [http-nio-9191-exec-10] o.s.w.s.m.m.a.HttpEntityMethodProcessor  : Using 'application/json;q=0.8', given [image/avif, image/webp, image/apng, image/svg+xml, image/*, */*;q=0.8] and supported [application/json, application/*+json]
2025-12-14T18:09:51.161+09:00 DEBUG 39525 --- [Dishcovery] [http-nio-9191-exec-4] o.s.w.s.m.m.a.HttpEntityMethodProcessor  : Writing [{timestamp=Sun Dec 14 18:09:51 KST 2025, status=404, error=Not Found, trace=org.springframework.web. (truncated)...]
2025-12-14T18:09:51.161+09:00 DEBUG 39525 --- [Dishcovery] [http-nio-9191-exec-10] o.s.w.s.m.m.a.HttpEntityMethodProcessor  : Writing [{timestamp=Sun Dec 14 18:09:51 KST 2025, status=404, error=Not Found, trace=org.springframework.web. (truncated)...]
2025-12-14T18:09:51.161+09:00 DEBUG 39525 --- [Dishcovery] [http-nio-9191-exec-5] o.s.w.s.m.m.a.HttpEntityMethodProcessor  : Using 'application/json;q=0.8', given [image/avif, image/webp, image/apng, image/svg+xml, image/*, */*;q=0.8] and supported [application/json, application/*+json]
2025-12-14T18:09:51.161+09:00 DEBUG 39525 --- [Dishcovery] [http-nio-9191-exec-5] o.s.w.s.m.m.a.HttpEntityMethodProcessor  : Writing [{timestamp=Sun Dec 14 18:09:51 KST 2025, status=404, error=Not Found, trace=org.springframework.web. (truncated)...]
2025-12-14T18:09:51.162+09:00 DEBUG 39525 --- [Dishcovery] [http-nio-9191-exec-5] o.s.web.servlet.DispatcherServlet        : Exiting from "ERROR" dispatch, status 404
2025-12-14T18:09:51.162+09:00 DEBUG 39525 --- [Dishcovery] [http-nio-9191-exec-10] o.s.web.servlet.DispatcherServlet        : Exiting from "ERROR" dispatch, status 404
2025-12-14T18:09:51.162+09:00 DEBUG 39525 --- [Dishcovery] [http-nio-9191-exec-4] o.s.web.servlet.DispatcherServlet        : Exiting from "ERROR" dispatch, status 404
2025-12-14T18:09:52.523+09:00 DEBUG 39525 --- [Dishcovery] [http-nio-9191-exec-9] o.s.web.servlet.DispatcherServlet        : GET "/pageGubun?gubun=recipe&sort=latest", parameters={masked}
2025-12-14T18:09:52.523+09:00 DEBUG 39525 --- [Dishcovery] [http-nio-9191-exec-9] s.w.s.m.m.a.RequestMappingHandlerMapping : Mapped to com.spring.dishcovery.controller.MainController#pageGubun(String, Model, HttpServletRequest)
2025-12-14T18:09:52.528+09:00 DEBUG 39525 --- [Dishcovery] [http-nio-9191-exec-9] c.s.d.m.RecipeAppMapper.getAllRecipes    : ==>  Preparing: SELECT RECIPE_ID ,USER_ID ,CATEGORY_ID ,TITLE ,RCP_DISC ,COOK_TIME ,COOK_DFCT ,RGT_DATE ,UPD_DATE ,IMG_URL ,RECIPE_INGR ,RECIPE_TIP ,RECIPE_TAG ,VIEW_COUNT FROM RECIPE_MASTER ORDER BY RGT_DATE DESC
2025-12-14T18:09:52.529+09:00 DEBUG 39525 --- [Dishcovery] [http-nio-9191-exec-9] c.s.d.m.RecipeAppMapper.getAllRecipes    : ==> Parameters: 
2025-12-14T18:09:52.531+09:00 DEBUG 39525 --- [Dishcovery] [http-nio-9191-exec-9] c.s.d.m.RecipeAppMapper.getAllRecipes    : <==      Total: 3
2025-12-14T18:09:52.533+09:00 DEBUG 39525 --- [Dishcovery] [http-nio-9191-exec-9] o.s.w.s.v.ContentNegotiatingViewResolver : Selected 'text/html' given [text/html, application/xhtml+xml, image/avif, image/webp, image/apng, application/xml;q=0.9, */*;q=0.8, application/signed-exchange;v=b3;q=0.7]
2025-12-14T18:09:52.535+09:00  WARN 39525 --- [Dishcovery] [http-nio-9191-exec-9] actStandardFragmentInsertionTagProcessor : [THYMELEAF][http-nio-9191-exec-9][/mainPage] Deprecated unwrapped fragment expression "fragments/header :: site-header" found in template /mainPage, line 12, col 14. Please use the complete syntax of fragment expressions instead ("~{fragments/header :: site-header}"). The old, unwrapped syntax for fragment expressions will be removed in future versions of Thymeleaf.
2025-12-14T18:09:52.539+09:00 DEBUG 39525 --- [Dishcovery] [http-nio-9191-exec-9] o.s.web.servlet.DispatcherServlet        : Completed 200 OK
2025-12-14T18:09:52.551+09:00 DEBUG 39525 --- [Dishcovery] [http-nio-9191-exec-1] o.s.web.servlet.DispatcherServlet        : GET "/uploads/test2.jpg", parameters={}
2025-12-14T18:09:52.551+09:00 DEBUG 39525 --- [Dishcovery] [http-nio-9191-exec-3] o.s.web.servlet.DispatcherServlet        : GET "/uploads/test3.jpg", parameters={}
2025-12-14T18:09:52.553+09:00 DEBUG 39525 --- [Dishcovery] [http-nio-9191-exec-1] o.s.w.s.handler.SimpleUrlHandlerMapping  : Mapped to ResourceHttpRequestHandler [URL [file:uploads/]]
2025-12-14T18:09:52.553+09:00 DEBUG 39525 --- [Dishcovery] [http-nio-9191-exec-3] o.s.w.s.handler.SimpleUrlHandlerMapping  : Mapped to ResourceHttpRequestHandler [URL [file:uploads/]]
2025-12-14T18:09:52.553+09:00 DEBUG 39525 --- [Dishcovery] [http-nio-9191-exec-3] o.s.w.s.r.ResourceHttpRequestHandler     : Resource not found
2025-12-14T18:09:52.553+09:00 DEBUG 39525 --- [Dishcovery] [http-nio-9191-exec-1] o.s.w.s.r.ResourceHttpRequestHandler     : Resource not found
2025-12-14T18:09:52.553+09:00 DEBUG 39525 --- [Dishcovery] [http-nio-9191-exec-3] .w.s.m.s.DefaultHandlerExceptionResolver : Resolved [org.springframework.web.servlet.resource.NoResourceFoundException: No static resource test3.jpg.]
2025-12-14T18:09:52.555+09:00 DEBUG 39525 --- [Dishcovery] [http-nio-9191-exec-1] .w.s.m.s.DefaultHandlerExceptionResolver : Resolved [org.springframework.web.servlet.resource.NoResourceFoundException: No static resource test2.jpg.]
2025-12-14T18:09:52.555+09:00 DEBUG 39525 --- [Dishcovery] [http-nio-9191-exec-1] o.s.web.servlet.DispatcherServlet        : Completed 404 NOT_FOUND
2025-12-14T18:09:52.555+09:00 DEBUG 39525 --- [Dishcovery] [http-nio-9191-exec-3] o.s.web.servlet.DispatcherServlet        : Completed 404 NOT_FOUND
2025-12-14T18:09:52.556+09:00 DEBUG 39525 --- [Dishcovery] [http-nio-9191-exec-1] o.s.web.servlet.DispatcherServlet        : "ERROR" dispatch for GET "/error", parameters={}
2025-12-14T18:09:52.556+09:00 DEBUG 39525 --- [Dishcovery] [http-nio-9191-exec-3] o.s.web.servlet.DispatcherServlet        : "ERROR" dispatch for GET "/error", parameters={}
2025-12-14T18:09:52.557+09:00 DEBUG 39525 --- [Dishcovery] [http-nio-9191-exec-1] s.w.s.m.m.a.RequestMappingHandlerMapping : Mapped to org.springframework.boot.autoconfigure.web.servlet.error.BasicErrorController#error(HttpServletRequest)
2025-12-14T18:09:52.557+09:00 DEBUG 39525 --- [Dishcovery] [http-nio-9191-exec-2] o.s.web.servlet.DispatcherServlet        : GET "/uploads/test1.jpg", parameters={}
2025-12-14T18:09:52.557+09:00 DEBUG 39525 --- [Dishcovery] [http-nio-9191-exec-3] s.w.s.m.m.a.RequestMappingHandlerMapping : Mapped to org.springframework.boot.autoconfigure.web.servlet.error.BasicErrorController#error(HttpServletRequest)
2025-12-14T18:09:52.557+09:00 DEBUG 39525 --- [Dishcovery] [http-nio-9191-exec-2] o.s.w.s.handler.SimpleUrlHandlerMapping  : Mapped to ResourceHttpRequestHandler [URL [file:uploads/]]
2025-12-14T18:09:52.557+09:00 DEBUG 39525 --- [Dishcovery] [http-nio-9191-exec-2] o.s.w.s.r.ResourceHttpRequestHandler     : Resource not found
2025-12-14T18:09:52.557+09:00 DEBUG 39525 --- [Dishcovery] [http-nio-9191-exec-2] .w.s.m.s.DefaultHandlerExceptionResolver : Resolved [org.springframework.web.servlet.resource.NoResourceFoundException: No static resource test1.jpg.]
2025-12-14T18:09:52.557+09:00 DEBUG 39525 --- [Dishcovery] [http-nio-9191-exec-2] o.s.web.servlet.DispatcherServlet        : Completed 404 NOT_FOUND
2025-12-14T18:09:52.558+09:00 DEBUG 39525 --- [Dishcovery] [http-nio-9191-exec-2] o.s.web.servlet.DispatcherServlet        : "ERROR" dispatch for GET "/error", parameters={}
2025-12-14T18:09:52.559+09:00 DEBUG 39525 --- [Dishcovery] [http-nio-9191-exec-2] s.w.s.m.m.a.RequestMappingHandlerMapping : Mapped to org.springframework.boot.autoconfigure.web.servlet.error.BasicErrorController#error(HttpServletRequest)
2025-12-14T18:09:52.560+09:00 DEBUG 39525 --- [Dishcovery] [http-nio-9191-exec-1] o.s.w.s.m.m.a.HttpEntityMethodProcessor  : Using 'application/json;q=0.8', given [image/avif, image/webp, image/apng, image/svg+xml, image/*, */*;q=0.8] and supported [application/json, application/*+json]
2025-12-14T18:09:52.561+09:00 DEBUG 39525 --- [Dishcovery] [http-nio-9191-exec-3] o.s.w.s.m.m.a.HttpEntityMethodProcessor  : Using 'application/json;q=0.8', given [image/avif, image/webp, image/apng, image/svg+xml, image/*, */*;q=0.8] and supported [application/json, application/*+json]
2025-12-14T18:09:52.561+09:00 DEBUG 39525 --- [Dishcovery] [http-nio-9191-exec-1] o.s.w.s.m.m.a.HttpEntityMethodProcessor  : Writing [{timestamp=Sun Dec 14 18:09:52 KST 2025, status=404, error=Not Found, trace=org.springframework.web. (truncated)...]
2025-12-14T18:09:52.561+09:00 DEBUG 39525 --- [Dishcovery] [http-nio-9191-exec-3] o.s.w.s.m.m.a.HttpEntityMethodProcessor  : Writing [{timestamp=Sun Dec 14 18:09:52 KST 2025, status=404, error=Not Found, trace=org.springframework.web. (truncated)...]
2025-12-14T18:09:52.562+09:00 DEBUG 39525 --- [Dishcovery] [http-nio-9191-exec-1] o.s.web.servlet.DispatcherServlet        : Exiting from "ERROR" dispatch, status 404
2025-12-14T18:09:52.562+09:00 DEBUG 39525 --- [Dishcovery] [http-nio-9191-exec-3] o.s.web.servlet.DispatcherServlet        : Exiting from "ERROR" dispatch, status 404
2025-12-14T18:09:52.564+09:00 DEBUG 39525 --- [Dishcovery] [http-nio-9191-exec-2] o.s.w.s.m.m.a.HttpEntityMethodProcessor  : Using 'application/json;q=0.8', given [image/avif, image/webp, image/apng, image/svg+xml, image/*, */*;q=0.8] and supported [application/json, application/*+json]
2025-12-14T18:09:52.564+09:00 DEBUG 39525 --- [Dishcovery] [http-nio-9191-exec-2] o.s.w.s.m.m.a.HttpEntityMethodProcessor  : Writing [{timestamp=Sun Dec 14 18:09:52 KST 2025, status=404, error=Not Found, trace=org.springframework.web. (truncated)...]
2025-12-14T18:09:52.565+09:00 DEBUG 39525 --- [Dishcovery] [http-nio-9191-exec-2] o.s.web.servlet.DispatcherServlet        : Exiting from "ERROR" dispatch, status 404
2025-12-14T18:09:54.313+09:00 DEBUG 39525 --- [Dishcovery] [http-nio-9191-exec-6] o.s.web.servlet.DispatcherServlet        : GET "/pageGubun?gubun=recipe&sort=recommend", parameters={masked}
2025-12-14T18:09:54.313+09:00 DEBUG 39525 --- [Dishcovery] [http-nio-9191-exec-6] s.w.s.m.m.a.RequestMappingHandlerMapping : Mapped to com.spring.dishcovery.controller.MainController#pageGubun(String, Model, HttpServletRequest)
2025-12-14T18:09:54.316+09:00 DEBUG 39525 --- [Dishcovery] [http-nio-9191-exec-6] c.s.d.m.RecipeAppMapper.getAllRecipes    : ==>  Preparing: SELECT RECIPE_ID ,USER_ID ,CATEGORY_ID ,TITLE ,RCP_DISC ,COOK_TIME ,COOK_DFCT ,RGT_DATE ,UPD_DATE ,IMG_URL ,RECIPE_INGR ,RECIPE_TIP ,RECIPE_TAG ,VIEW_COUNT FROM RECIPE_MASTER ORDER BY RGT_DATE DESC
2025-12-14T18:09:54.317+09:00 DEBUG 39525 --- [Dishcovery] [http-nio-9191-exec-6] c.s.d.m.RecipeAppMapper.getAllRecipes    : ==> Parameters: 
2025-12-14T18:09:54.318+09:00 DEBUG 39525 --- [Dishcovery] [http-nio-9191-exec-6] c.s.d.m.RecipeAppMapper.getAllRecipes    : <==      Total: 3
2025-12-14T18:09:54.319+09:00 DEBUG 39525 --- [Dishcovery] [http-nio-9191-exec-6] o.s.w.s.v.ContentNegotiatingViewResolver : Selected 'text/html' given [text/html, application/xhtml+xml, image/avif, image/webp, image/apng, application/xml;q=0.9, */*;q=0.8, application/signed-exchange;v=b3;q=0.7]
2025-12-14T18:09:54.320+09:00  WARN 39525 --- [Dishcovery] [http-nio-9191-exec-6] actStandardFragmentInsertionTagProcessor : [THYMELEAF][http-nio-9191-exec-6][/mainPage] Deprecated unwrapped fragment expression "fragments/header :: site-header" found in template /mainPage, line 12, col 14. Please use the complete syntax of fragment expressions instead ("~{fragments/header :: site-header}"). The old, unwrapped syntax for fragment expressions will be removed in future versions of Thymeleaf.
2025-12-14T18:09:54.324+09:00 DEBUG 39525 --- [Dishcovery] [http-nio-9191-exec-6] o.s.web.servlet.DispatcherServlet        : Completed 200 OK
2025-12-14T18:09:54.338+09:00 DEBUG 39525 --- [Dishcovery] [http-nio-9191-exec-7] o.s.web.servlet.DispatcherServlet        : GET "/uploads/test2.jpg", parameters={}
2025-12-14T18:09:54.339+09:00 DEBUG 39525 --- [Dishcovery] [http-nio-9191-exec-8] o.s.web.servlet.DispatcherServlet        : GET "/uploads/test3.jpg", parameters={}
2025-12-14T18:09:54.339+09:00 DEBUG 39525 --- [Dishcovery] [http-nio-9191-exec-7] o.s.w.s.handler.SimpleUrlHandlerMapping  : Mapped to ResourceHttpRequestHandler [URL [file:uploads/]]
2025-12-14T18:09:54.339+09:00 DEBUG 39525 --- [Dishcovery] [http-nio-9191-exec-7] o.s.w.s.r.ResourceHttpRequestHandler     : Resource not found
2025-12-14T18:09:54.339+09:00 DEBUG 39525 --- [Dishcovery] [http-nio-9191-exec-8] o.s.w.s.handler.SimpleUrlHandlerMapping  : Mapped to ResourceHttpRequestHandler [URL [file:uploads/]]
2025-12-14T18:09:54.339+09:00 DEBUG 39525 --- [Dishcovery] [http-nio-9191-exec-8] o.s.w.s.r.ResourceHttpRequestHandler     : Resource not found
2025-12-14T18:09:54.339+09:00 DEBUG 39525 --- [Dishcovery] [http-nio-9191-exec-7] .w.s.m.s.DefaultHandlerExceptionResolver : Resolved [org.springframework.web.servlet.resource.NoResourceFoundException: No static resource test2.jpg.]
2025-12-14T18:09:54.340+09:00 DEBUG 39525 --- [Dishcovery] [http-nio-9191-exec-7] o.s.web.servlet.DispatcherServlet        : Completed 404 NOT_FOUND
2025-12-14T18:09:54.340+09:00 DEBUG 39525 --- [Dishcovery] [http-nio-9191-exec-8] .w.s.m.s.DefaultHandlerExceptionResolver : Resolved [org.springframework.web.servlet.resource.NoResourceFoundException: No static resource test3.jpg.]
2025-12-14T18:09:54.340+09:00 DEBUG 39525 --- [Dishcovery] [http-nio-9191-exec-8] o.s.web.servlet.DispatcherServlet        : Completed 404 NOT_FOUND
2025-12-14T18:09:54.340+09:00 DEBUG 39525 --- [Dishcovery] [http-nio-9191-exec-10] o.s.web.servlet.DispatcherServlet        : GET "/uploads/test1.jpg", parameters={}
2025-12-14T18:09:54.340+09:00 DEBUG 39525 --- [Dishcovery] [http-nio-9191-exec-7] o.s.web.servlet.DispatcherServlet        : "ERROR" dispatch for GET "/error", parameters={}
2025-12-14T18:09:54.340+09:00 DEBUG 39525 --- [Dishcovery] [http-nio-9191-exec-8] o.s.web.servlet.DispatcherServlet        : "ERROR" dispatch for GET "/error", parameters={}
2025-12-14T18:09:54.340+09:00 DEBUG 39525 --- [Dishcovery] [http-nio-9191-exec-8] s.w.s.m.m.a.RequestMappingHandlerMapping : Mapped to org.springframework.boot.autoconfigure.web.servlet.error.BasicErrorController#error(HttpServletRequest)
2025-12-14T18:09:54.340+09:00 DEBUG 39525 --- [Dishcovery] [http-nio-9191-exec-7] s.w.s.m.m.a.RequestMappingHandlerMapping : Mapped to org.springframework.boot.autoconfigure.web.servlet.error.BasicErrorController#error(HttpServletRequest)
2025-12-14T18:09:54.340+09:00 DEBUG 39525 --- [Dishcovery] [http-nio-9191-exec-10] o.s.w.s.handler.SimpleUrlHandlerMapping  : Mapped to ResourceHttpRequestHandler [URL [file:uploads/]]
2025-12-14T18:09:54.340+09:00 DEBUG 39525 --- [Dishcovery] [http-nio-9191-exec-10] o.s.w.s.r.ResourceHttpRequestHandler     : Resource not found
2025-12-14T18:09:54.340+09:00 DEBUG 39525 --- [Dishcovery] [http-nio-9191-exec-10] .w.s.m.s.DefaultHandlerExceptionResolver : Resolved [org.springframework.web.servlet.resource.NoResourceFoundException: No static resource test1.jpg.]
2025-12-14T18:09:54.341+09:00 DEBUG 39525 --- [Dishcovery] [http-nio-9191-exec-10] o.s.web.servlet.DispatcherServlet        : Completed 404 NOT_FOUND
2025-12-14T18:09:54.341+09:00 DEBUG 39525 --- [Dishcovery] [http-nio-9191-exec-10] o.s.web.servlet.DispatcherServlet        : "ERROR" dispatch for GET "/error", parameters={}
2025-12-14T18:09:54.341+09:00 DEBUG 39525 --- [Dishcovery] [http-nio-9191-exec-10] s.w.s.m.m.a.RequestMappingHandlerMapping : Mapped to org.springframework.boot.autoconfigure.web.servlet.error.BasicErrorController#error(HttpServletRequest)
2025-12-14T18:09:54.343+09:00 DEBUG 39525 --- [Dishcovery] [http-nio-9191-exec-8] o.s.w.s.m.m.a.HttpEntityMethodProcessor  : Using 'application/json;q=0.8', given [image/avif, image/webp, image/apng, image/svg+xml, image/*, */*;q=0.8] and supported [application/json, application/*+json]
2025-12-14T18:09:54.343+09:00 DEBUG 39525 --- [Dishcovery] [http-nio-9191-exec-7] o.s.w.s.m.m.a.HttpEntityMethodProcessor  : Using 'application/json;q=0.8', given [image/avif, image/webp, image/apng, image/svg+xml, image/*, */*;q=0.8] and supported [application/json, application/*+json]
2025-12-14T18:09:54.344+09:00 DEBUG 39525 --- [Dishcovery] [http-nio-9191-exec-7] o.s.w.s.m.m.a.HttpEntityMethodProcessor  : Writing [{timestamp=Sun Dec 14 18:09:54 KST 2025, status=404, error=Not Found, trace=org.springframework.web. (truncated)...]
2025-12-14T18:09:54.344+09:00 DEBUG 39525 --- [Dishcovery] [http-nio-9191-exec-8] o.s.w.s.m.m.a.HttpEntityMethodProcessor  : Writing [{timestamp=Sun Dec 14 18:09:54 KST 2025, status=404, error=Not Found, trace=org.springframework.web. (truncated)...]
2025-12-14T18:09:54.344+09:00 DEBUG 39525 --- [Dishcovery] [http-nio-9191-exec-10] o.s.w.s.m.m.a.HttpEntityMethodProcessor  : Using 'application/json;q=0.8', given [image/avif, image/webp, image/apng, image/svg+xml, image/*, */*;q=0.8] and supported [application/json, application/*+json]
2025-12-14T18:09:54.344+09:00 DEBUG 39525 --- [Dishcovery] [http-nio-9191-exec-10] o.s.w.s.m.m.a.HttpEntityMethodProcessor  : Writing [{timestamp=Sun Dec 14 18:09:54 KST 2025, status=404, error=Not Found, trace=org.springframework.web. (truncated)...]
2025-12-14T18:09:54.344+09:00 DEBUG 39525 --- [Dishcovery] [http-nio-9191-exec-7] o.s.web.servlet.DispatcherServlet        : Exiting from "ERROR" dispatch, status 404
2025-12-14T18:09:54.344+09:00 DEBUG 39525 --- [Dishcovery] [http-nio-9191-exec-10] o.s.web.servlet.DispatcherServlet        : Exiting from "ERROR" dispatch, status 404
2025-12-14T18:09:54.344+09:00 DEBUG 39525 --- [Dishcovery] [http-nio-9191-exec-8] o.s.web.servlet.DispatcherServlet        : Exiting from "ERROR" dispatch, status 404
2025-12-14T18:09:54.916+09:00 DEBUG 39525 --- [Dishcovery] [http-nio-9191-exec-4] o.s.web.servlet.DispatcherServlet        : GET "/pageGubun?gubun=recipe&sort=popular", parameters={masked}
2025-12-14T18:09:54.916+09:00 DEBUG 39525 --- [Dishcovery] [http-nio-9191-exec-4] s.w.s.m.m.a.RequestMappingHandlerMapping : Mapped to com.spring.dishcovery.controller.MainController#pageGubun(String, Model, HttpServletRequest)
2025-12-14T18:09:54.921+09:00 DEBUG 39525 --- [Dishcovery] [http-nio-9191-exec-4] c.s.d.m.RecipeAppMapper.getAllRecipes    : ==>  Preparing: SELECT RECIPE_ID ,USER_ID ,CATEGORY_ID ,TITLE ,RCP_DISC ,COOK_TIME ,COOK_DFCT ,RGT_DATE ,UPD_DATE ,IMG_URL ,RECIPE_INGR ,RECIPE_TIP ,RECIPE_TAG ,VIEW_COUNT FROM RECIPE_MASTER ORDER BY RGT_DATE DESC
2025-12-14T18:09:54.922+09:00 DEBUG 39525 --- [Dishcovery] [http-nio-9191-exec-4] c.s.d.m.RecipeAppMapper.getAllRecipes    : ==> Parameters: 
2025-12-14T18:09:54.924+09:00 DEBUG 39525 --- [Dishcovery] [http-nio-9191-exec-4] c.s.d.m.RecipeAppMapper.getAllRecipes    : <==      Total: 3
2025-12-14T18:09:54.926+09:00 DEBUG 39525 --- [Dishcovery] [http-nio-9191-exec-4] o.s.w.s.v.ContentNegotiatingViewResolver : Selected 'text/html' given [text/html, application/xhtml+xml, image/avif, image/webp, image/apng, application/xml;q=0.9, */*;q=0.8, application/signed-exchange;v=b3;q=0.7]
2025-12-14T18:09:54.927+09:00  WARN 39525 --- [Dishcovery] [http-nio-9191-exec-4] actStandardFragmentInsertionTagProcessor : [THYMELEAF][http-nio-9191-exec-4][/mainPage] Deprecated unwrapped fragment expression "fragments/header :: site-header" found in template /mainPage, line 12, col 14. Please use the complete syntax of fragment expressions instead ("~{fragments/header :: site-header}"). The old, unwrapped syntax for fragment expressions will be removed in future versions of Thymeleaf.
2025-12-14T18:09:54.931+09:00 DEBUG 39525 --- [Dishcovery] [http-nio-9191-exec-4] o.s.web.servlet.DispatcherServlet        : Completed 200 OK
2025-12-14T18:09:54.942+09:00 DEBUG 39525 --- [Dishcovery] [http-nio-9191-exec-5] o.s.web.servlet.DispatcherServlet        : GET "/uploads/test2.jpg", parameters={}
2025-12-14T18:09:54.942+09:00 DEBUG 39525 --- [Dishcovery] [http-nio-9191-exec-9] o.s.web.servlet.DispatcherServlet        : GET "/uploads/test3.jpg", parameters={}
2025-12-14T18:09:54.942+09:00 DEBUG 39525 --- [Dishcovery] [http-nio-9191-exec-5] o.s.w.s.handler.SimpleUrlHandlerMapping  : Mapped to ResourceHttpRequestHandler [URL [file:uploads/]]
2025-12-14T18:09:54.942+09:00 DEBUG 39525 --- [Dishcovery] [http-nio-9191-exec-9] o.s.w.s.handler.SimpleUrlHandlerMapping  : Mapped to ResourceHttpRequestHandler [URL [file:uploads/]]
2025-12-14T18:09:54.943+09:00 DEBUG 39525 --- [Dishcovery] [http-nio-9191-exec-5] o.s.w.s.r.ResourceHttpRequestHandler     : Resource not found
2025-12-14T18:09:54.943+09:00 DEBUG 39525 --- [Dishcovery] [http-nio-9191-exec-9] o.s.w.s.r.ResourceHttpRequestHandler     : Resource not found
2025-12-14T18:09:54.943+09:00 DEBUG 39525 --- [Dishcovery] [http-nio-9191-exec-9] .w.s.m.s.DefaultHandlerExceptionResolver : Resolved [org.springframework.web.servlet.resource.NoResourceFoundException: No static resource test3.jpg.]
2025-12-14T18:09:54.943+09:00 DEBUG 39525 --- [Dishcovery] [http-nio-9191-exec-5] .w.s.m.s.DefaultHandlerExceptionResolver : Resolved [org.springframework.web.servlet.resource.NoResourceFoundException: No static resource test2.jpg.]
2025-12-14T18:09:54.943+09:00 DEBUG 39525 --- [Dishcovery] [http-nio-9191-exec-5] o.s.web.servlet.DispatcherServlet        : Completed 404 NOT_FOUND
2025-12-14T18:09:54.943+09:00 DEBUG 39525 --- [Dishcovery] [http-nio-9191-exec-9] o.s.web.servlet.DispatcherServlet        : Completed 404 NOT_FOUND
2025-12-14T18:09:54.944+09:00 DEBUG 39525 --- [Dishcovery] [http-nio-9191-exec-5] o.s.web.servlet.DispatcherServlet        : "ERROR" dispatch for GET "/error", parameters={}
2025-12-14T18:09:54.944+09:00 DEBUG 39525 --- [Dishcovery] [http-nio-9191-exec-9] o.s.web.servlet.DispatcherServlet        : "ERROR" dispatch for GET "/error", parameters={}
2025-12-14T18:09:54.944+09:00 DEBUG 39525 --- [Dishcovery] [http-nio-9191-exec-9] s.w.s.m.m.a.RequestMappingHandlerMapping : Mapped to org.springframework.boot.autoconfigure.web.servlet.error.BasicErrorController#error(HttpServletRequest)
2025-12-14T18:09:54.944+09:00 DEBUG 39525 --- [Dishcovery] [http-nio-9191-exec-5] s.w.s.m.m.a.RequestMappingHandlerMapping : Mapped to org.springframework.boot.autoconfigure.web.servlet.error.BasicErrorController#error(HttpServletRequest)
2025-12-14T18:09:54.944+09:00 DEBUG 39525 --- [Dishcovery] [http-nio-9191-exec-1] o.s.web.servlet.DispatcherServlet        : GET "/uploads/test1.jpg", parameters={}
2025-12-14T18:09:54.944+09:00 DEBUG 39525 --- [Dishcovery] [http-nio-9191-exec-1] o.s.w.s.handler.SimpleUrlHandlerMapping  : Mapped to ResourceHttpRequestHandler [URL [file:uploads/]]
2025-12-14T18:09:54.944+09:00 DEBUG 39525 --- [Dishcovery] [http-nio-9191-exec-1] o.s.w.s.r.ResourceHttpRequestHandler     : Resource not found
2025-12-14T18:09:54.944+09:00 DEBUG 39525 --- [Dishcovery] [http-nio-9191-exec-1] .w.s.m.s.DefaultHandlerExceptionResolver : Resolved [org.springframework.web.servlet.resource.NoResourceFoundException: No static resource test1.jpg.]
2025-12-14T18:09:54.945+09:00 DEBUG 39525 --- [Dishcovery] [http-nio-9191-exec-1] o.s.web.servlet.DispatcherServlet        : Completed 404 NOT_FOUND
2025-12-14T18:09:54.946+09:00 DEBUG 39525 --- [Dishcovery] [http-nio-9191-exec-1] o.s.web.servlet.DispatcherServlet        : "ERROR" dispatch for GET "/error", parameters={}
2025-12-14T18:09:54.947+09:00 DEBUG 39525 --- [Dishcovery] [http-nio-9191-exec-1] s.w.s.m.m.a.RequestMappingHandlerMapping : Mapped to org.springframework.boot.autoconfigure.web.servlet.error.BasicErrorController#error(HttpServletRequest)
2025-12-14T18:09:54.949+09:00 DEBUG 39525 --- [Dishcovery] [http-nio-9191-exec-5] o.s.w.s.m.m.a.HttpEntityMethodProcessor  : Using 'application/json;q=0.8', given [image/avif, image/webp, image/apng, image/svg+xml, image/*, */*;q=0.8] and supported [application/json, application/*+json]
2025-12-14T18:09:54.949+09:00 DEBUG 39525 --- [Dishcovery] [http-nio-9191-exec-9] o.s.w.s.m.m.a.HttpEntityMethodProcessor  : Using 'application/json;q=0.8', given [image/avif, image/webp, image/apng, image/svg+xml, image/*, */*;q=0.8] and supported [application/json, application/*+json]
2025-12-14T18:09:54.949+09:00 DEBUG 39525 --- [Dishcovery] [http-nio-9191-exec-5] o.s.w.s.m.m.a.HttpEntityMethodProcessor  : Writing [{timestamp=Sun Dec 14 18:09:54 KST 2025, status=404, error=Not Found, trace=org.springframework.web. (truncated)...]
2025-12-14T18:09:54.949+09:00 DEBUG 39525 --- [Dishcovery] [http-nio-9191-exec-9] o.s.w.s.m.m.a.HttpEntityMethodProcessor  : Writing [{timestamp=Sun Dec 14 18:09:54 KST 2025, status=404, error=Not Found, trace=org.springframework.web. (truncated)...]
2025-12-14T18:09:54.950+09:00 DEBUG 39525 --- [Dishcovery] [http-nio-9191-exec-9] o.s.web.servlet.DispatcherServlet        : Exiting from "ERROR" dispatch, status 404
2025-12-14T18:09:54.950+09:00 DEBUG 39525 --- [Dishcovery] [http-nio-9191-exec-5] o.s.web.servlet.DispatcherServlet        : Exiting from "ERROR" dispatch, status 404
2025-12-14T18:09:54.950+09:00 DEBUG 39525 --- [Dishcovery] [http-nio-9191-exec-1] o.s.w.s.m.m.a.HttpEntityMethodProcessor  : Using 'application/json;q=0.8', given [image/avif, image/webp, image/apng, image/svg+xml, image/*, */*;q=0.8] and supported [application/json, application/*+json]
2025-12-14T18:09:54.951+09:00 DEBUG 39525 --- [Dishcovery] [http-nio-9191-exec-1] o.s.w.s.m.m.a.HttpEntityMethodProcessor  : Writing [{timestamp=Sun Dec 14 18:09:54 KST 2025, status=404, error=Not Found, trace=org.springframework.web. (truncated)...]
2025-12-14T18:09:54.951+09:00 DEBUG 39525 --- [Dishcovery] [http-nio-9191-exec-1] o.s.web.servlet.DispatcherServlet        : Exiting from "ERROR" dispatch, status 404
2025-12-14T18:10:39.453+09:00 DEBUG 39525 --- [Dishcovery] [http-nio-9191-exec-8] o.s.web.servlet.DispatcherServlet        : GET "/pageGubun?gubun=rank", parameters={masked}
2025-12-14T18:10:39.454+09:00 DEBUG 39525 --- [Dishcovery] [http-nio-9191-exec-8] s.w.s.m.m.a.RequestMappingHandlerMapping : Mapped to com.spring.dishcovery.controller.MainController#pageGubun(String, Model, HttpServletRequest)
2025-12-14T18:10:39.460+09:00 DEBUG 39525 --- [Dishcovery] [http-nio-9191-exec-8] o.s.web.servlet.view.RedirectView        : View name [redirect:], model {}
2025-12-14T18:10:39.461+09:00 DEBUG 39525 --- [Dishcovery] [http-nio-9191-exec-8] o.s.web.servlet.DispatcherServlet        : Completed 302 FOUND
2025-12-14T18:10:39.464+09:00 DEBUG 39525 --- [Dishcovery] [http-nio-9191-exec-10] o.s.web.servlet.DispatcherServlet        : GET "/shop", parameters={}
2025-12-14T18:10:39.465+09:00 DEBUG 39525 --- [Dishcovery] [http-nio-9191-exec-10] s.w.s.m.m.a.RequestMappingHandlerMapping : Mapped to com.spring.dishcovery.controller.ShopController#shopList(Model)
2025-12-14T18:10:39.469+09:00 DEBUG 39525 --- [Dishcovery] [http-nio-9191-exec-10] c.s.d.mapper.ShopMapper.listProducts     : ==>  Preparing: SELECT PRODUCT_ID as productId, NAME as name FROM SHOP_PRODUCT WHERE IS_ACTIVE = 1 ORDER BY PRODUCT_ID DESC
2025-12-14T18:10:39.469+09:00 DEBUG 39525 --- [Dishcovery] [http-nio-9191-exec-10] c.s.d.mapper.ShopMapper.listProducts     : ==> Parameters: 
2025-12-14T18:10:39.471+09:00 DEBUG 39525 --- [Dishcovery] [http-nio-9191-exec-10] c.s.d.mapper.ShopMapper.listProducts     : <==      Total: 3
2025-12-14T18:10:39.473+09:00 DEBUG 39525 --- [Dishcovery] [http-nio-9191-exec-10] o.s.w.s.v.ContentNegotiatingViewResolver : Selected 'text/html' given [text/html, application/xhtml+xml, image/avif, image/webp, image/apng, application/xml;q=0.9, */*;q=0.8, application/signed-exchange;v=b3;q=0.7]
2025-12-14T18:10:39.477+09:00 DEBUG 39525 --- [Dishcovery] [http-nio-9191-exec-10] o.s.web.servlet.DispatcherServlet        : Completed 200 OK
2025-12-14T18:10:39.658+09:00 DEBUG 39525 --- [Dishcovery] [http-nio-9191-exec-7] o.s.web.servlet.DispatcherServlet        : GET "/shop/product/2", parameters={}
2025-12-14T18:10:39.658+09:00 DEBUG 39525 --- [Dishcovery] [http-nio-9191-exec-7] s.w.s.m.m.a.RequestMappingHandlerMapping : Mapped to com.spring.dishcovery.controller.ShopController#productDetail(Long, Model, HttpServletRequest)
2025-12-14T18:10:39.669+09:00 DEBUG 39525 --- [Dishcovery] [http-nio-9191-exec-7] o.s.web.servlet.DispatcherServlet        : Failed to complete request: java.lang.IllegalStateException: 로그인 유저 정보를 찾을 수 없음
2025-12-14T18:10:39.670+09:00 ERROR 39525 --- [Dishcovery] [http-nio-9191-exec-7] o.a.c.c.C.[.[.[/].[dispatcherServlet]    : Servlet.service() for servlet [dispatcherServlet] in context with path [] threw exception [Request processing failed: java.lang.IllegalStateException: 로그인 유저 정보를 찾을 수 없음] with root cause

java.lang.IllegalStateException: 로그인 유저 정보를 찾을 수 없음
	at com.spring.dishcovery.service.ShopService.getLoginUserId(ShopService.java:53) ~[main/:na]
	at java.base/jdk.internal.reflect.NativeMethodAccessorImpl.invoke0(Native Method) ~[na:na]
	at java.base/jdk.internal.reflect.NativeMethodAccessorImpl.invoke(NativeMethodAccessorImpl.java:77) ~[na:na]
	at java.base/jdk.internal.reflect.DelegatingMethodAccessorImpl.invoke(DelegatingMethodAccessorImpl.java:43) ~[na:na]
	at java.base/java.lang.reflect.Method.invoke(Method.java:568) ~[na:na]
	at org.springframework.aop.support.AopUtils.invokeJoinpointUsingReflection(AopUtils.java:360) ~[spring-aop-6.2.11.jar:6.2.11]
	at org.springframework.aop.framework.CglibAopProxy$DynamicAdvisedInterceptor.intercept(CglibAopProxy.java:724) ~[spring-aop-6.2.11.jar:6.2.11]
	at com.spring.dishcovery.service.ShopService$$SpringCGLIB$$0.getLoginUserId(<generated>) ~[main/:na]
	at com.spring.dishcovery.controller.ShopController.productDetail(ShopController.java:31) ~[main/:na]
	at java.base/jdk.internal.reflect.NativeMethodAccessorImpl.invoke0(Native Method) ~[na:na]
	at java.base/jdk.internal.reflect.NativeMethodAccessorImpl.invoke(NativeMethodAccessorImpl.java:77) ~[na:na]
	at java.base/jdk.internal.reflect.DelegatingMethodAccessorImpl.invoke(DelegatingMethodAccessorImpl.java:43) ~[na:na]
	at java.base/java.lang.reflect.Method.invoke(Method.java:568) ~[na:na]
	at org.springframework.web.method.support.InvocableHandlerMethod.doInvoke(InvocableHandlerMethod.java:258) ~[spring-web-6.2.11.jar:6.2.11]
	at org.springframework.web.method.support.InvocableHandlerMethod.invokeForRequest(InvocableHandlerMethod.java:191) ~[spring-web-6.2.11.jar:6.2.11]
	at org.springframework.web.servlet.mvc.method.annotation.ServletInvocableHandlerMethod.invokeAndHandle(ServletInvocableHandlerMethod.java:118) ~[spring-webmvc-6.2.11.jar:6.2.11]
	at org.springframework.web.servlet.mvc.method.annotation.RequestMappingHandlerAdapter.invokeHandlerMethod(RequestMappingHandlerAdapter.java:991) ~[spring-webmvc-6.2.11.jar:6.2.11]
	at org.springframework.web.servlet.mvc.method.annotation.RequestMappingHandlerAdapter.handleInternal(RequestMappingHandlerAdapter.java:896) ~[spring-webmvc-6.2.11.jar:6.2.11]
	at org.springframework.web.servlet.mvc.method.AbstractHandlerMethodAdapter.handle(AbstractHandlerMethodAdapter.java:87) ~[spring-webmvc-6.2.11.jar:6.2.11]
	at org.springframework.web.servlet.DispatcherServlet.doDispatch(DispatcherServlet.java:1089) ~[spring-webmvc-6.2.11.jar:6.2.11]
	at org.springframework.web.servlet.DispatcherServlet.doService(DispatcherServlet.java:979) ~[spring-webmvc-6.2.11.jar:6.2.11]
	at org.springframework.web.servlet.FrameworkServlet.processRequest(FrameworkServlet.java:1014) ~[spring-webmvc-6.2.11.jar:6.2.11]
	at org.springframework.web.servlet.FrameworkServlet.doGet(FrameworkServlet.java:903) ~[spring-webmvc-6.2.11.jar:6.2.11]
	at jakarta.servlet.http.HttpServlet.service(HttpServlet.java:564) ~[tomcat-embed-core-10.1.46.jar:6.0]
	at org.springframework.web.servlet.FrameworkServlet.service(FrameworkServlet.java:885) ~[spring-webmvc-6.2.11.jar:6.2.11]
	at jakarta.servlet.http.HttpServlet.service(HttpServlet.java:658) ~[tomcat-embed-core-10.1.46.jar:6.0]
	at org.apache.catalina.core.ApplicationFilterChain.internalDoFilter(ApplicationFilterChain.java:195) ~[tomcat-embed-core-10.1.46.jar:10.1.46]
	at org.apache.catalina.core.ApplicationFilterChain.doFilter(ApplicationFilterChain.java:140) ~[tomcat-embed-core-10.1.46.jar:10.1.46]
	at org.apache.tomcat.websocket.server.WsFilter.doFilter(WsFilter.java:51) ~[tomcat-embed-websocket-10.1.46.jar:10.1.46]
	at org.apache.catalina.core.ApplicationFilterChain.internalDoFilter(ApplicationFilterChain.java:164) ~[tomcat-embed-core-10.1.46.jar:10.1.46]
	at org.apache.catalina.core.ApplicationFilterChain.doFilter(ApplicationFilterChain.java:140) ~[tomcat-embed-core-10.1.46.jar:10.1.46]
	at org.springframework.web.filter.OncePerRequestFilter.doFilter(OncePerRequestFilter.java:110) ~[spring-web-6.2.11.jar:6.2.11]
	at org.apache.catalina.core.ApplicationFilterChain.internalDoFilter(ApplicationFilterChain.java:164) ~[tomcat-embed-core-10.1.46.jar:10.1.46]
	at org.apache.catalina.core.ApplicationFilterChain.doFilter(ApplicationFilterChain.java:140) ~[tomcat-embed-core-10.1.46.jar:10.1.46]
	at org.springframework.web.filter.CompositeFilter$VirtualFilterChain.doFilter(CompositeFilter.java:108) ~[spring-web-6.2.11.jar:6.2.11]
	at org.springframework.web.filter.CompositeFilter$VirtualFilterChain.doFilter(CompositeFilter.java:108) ~[spring-web-6.2.11.jar:6.2.11]
	at org.springframework.security.web.FilterChainProxy.lambda$doFilterInternal$3(FilterChainProxy.java:231) ~[spring-security-web-6.5.5.jar:6.5.5]
	at org.springframework.security.web.FilterChainProxy$VirtualFilterChain.doFilter(FilterChainProxy.java:365) ~[spring-security-web-6.5.5.jar:6.5.5]
	at org.springframework.security.web.access.intercept.AuthorizationFilter.doFilter(AuthorizationFilter.java:101) ~[spring-security-web-6.5.5.jar:6.5.5]
	at org.springframework.security.web.FilterChainProxy$VirtualFilterChain.doFilter(FilterChainProxy.java:374) ~[spring-security-web-6.5.5.jar:6.5.5]
	at org.springframework.security.web.access.ExceptionTranslationFilter.doFilter(ExceptionTranslationFilter.java:125) ~[spring-security-web-6.5.5.jar:6.5.5]
	at org.springframework.security.web.access.ExceptionTranslationFilter.doFilter(ExceptionTranslationFilter.java:119) ~[spring-security-web-6.5.5.jar:6.5.5]
	at org.springframework.security.web.FilterChainProxy$VirtualFilterChain.doFilter(FilterChainProxy.java:374) ~[spring-security-web-6.5.5.jar:6.5.5]
	at org.springframework.security.web.authentication.AnonymousAuthenticationFilter.doFilter(AnonymousAuthenticationFilter.java:100) ~[spring-security-web-6.5.5.jar:6.5.5]
	at org.springframework.security.web.FilterChainProxy$VirtualFilterChain.doFilter(FilterChainProxy.java:374) ~[spring-security-web-6.5.5.jar:6.5.5]
	at org.springframework.security.web.servletapi.SecurityContextHolderAwareRequestFilter.doFilter(SecurityContextHolderAwareRequestFilter.java:179) ~[spring-security-web-6.5.5.jar:6.5.5]
	at org.springframework.security.web.FilterChainProxy$VirtualFilterChain.doFilter(FilterChainProxy.java:374) ~[spring-security-web-6.5.5.jar:6.5.5]
	at org.springframework.security.web.savedrequest.RequestCacheAwareFilter.doFilter(RequestCacheAwareFilter.java:63) ~[spring-security-web-6.5.5.jar:6.5.5]
	at org.springframework.security.web.FilterChainProxy$VirtualFilterChain.doFilter(FilterChainProxy.java:374) ~[spring-security-web-6.5.5.jar:6.5.5]
	at com.spring.dishcovery.config.JwtAuthenticationFilter.doFilterInternal(JwtAuthenticationFilter.java:42) ~[main/:na]
	at org.springframework.web.filter.OncePerRequestFilter.doFilter(OncePerRequestFilter.java:116) ~[spring-web-6.2.11.jar:6.2.11]
	at org.springframework.security.web.FilterChainProxy$VirtualFilterChain.doFilter(FilterChainProxy.java:374) ~[spring-security-web-6.5.5.jar:6.5.5]
	at org.springframework.security.web.authentication.logout.LogoutFilter.doFilter(LogoutFilter.java:107) ~[spring-security-web-6.5.5.jar:6.5.5]
	at org.springframework.security.web.authentication.logout.LogoutFilter.doFilter(LogoutFilter.java:93) ~[spring-security-web-6.5.5.jar:6.5.5]
	at org.springframework.security.web.FilterChainProxy$VirtualFilterChain.doFilter(FilterChainProxy.java:374) ~[spring-security-web-6.5.5.jar:6.5.5]
	at org.springframework.security.web.header.HeaderWriterFilter.doHeadersAfter(HeaderWriterFilter.java:90) ~[spring-security-web-6.5.5.jar:6.5.5]
	at org.springframework.security.web.header.HeaderWriterFilter.doFilterInternal(HeaderWriterFilter.java:75) ~[spring-security-web-6.5.5.jar:6.5.5]
	at org.springframework.web.filter.OncePerRequestFilter.doFilter(OncePerRequestFilter.java:116) ~[spring-web-6.2.11.jar:6.2.11]
	at org.springframework.security.web.FilterChainProxy$VirtualFilterChain.doFilter(FilterChainProxy.java:374) ~[spring-security-web-6.5.5.jar:6.5.5]
	at org.springframework.security.web.context.SecurityContextHolderFilter.doFilter(SecurityContextHolderFilter.java:82) ~[spring-security-web-6.5.5.jar:6.5.5]
	at org.springframework.security.web.context.SecurityContextHolderFilter.doFilter(SecurityContextHolderFilter.java:69) ~[spring-security-web-6.5.5.jar:6.5.5]
	at org.springframework.security.web.FilterChainProxy$VirtualFilterChain.doFilter(FilterChainProxy.java:374) ~[spring-security-web-6.5.5.jar:6.5.5]
	at org.springframework.security.web.context.request.async.WebAsyncManagerIntegrationFilter.doFilterInternal(WebAsyncManagerIntegrationFilter.java:62) ~[spring-security-web-6.5.5.jar:6.5.5]
	at org.springframework.web.filter.OncePerRequestFilter.doFilter(OncePerRequestFilter.java:116) ~[spring-web-6.2.11.jar:6.2.11]
	at org.springframework.security.web.FilterChainProxy$VirtualFilterChain.doFilter(FilterChainProxy.java:374) ~[spring-security-web-6.5.5.jar:6.5.5]
	at org.springframework.security.web.session.DisableEncodeUrlFilter.doFilterInternal(DisableEncodeUrlFilter.java:42) ~[spring-security-web-6.5.5.jar:6.5.5]
	at org.springframework.web.filter.OncePerRequestFilter.doFilter(OncePerRequestFilter.java:116) ~[spring-web-6.2.11.jar:6.2.11]
	at org.springframework.security.web.FilterChainProxy$VirtualFilterChain.doFilter(FilterChainProxy.java:374) ~[spring-security-web-6.5.5.jar:6.5.5]
	at org.springframework.security.web.FilterChainProxy.doFilterInternal(FilterChainProxy.java:233) ~[spring-security-web-6.5.5.jar:6.5.5]
	at org.springframework.security.web.FilterChainProxy.doFilter(FilterChainProxy.java:191) ~[spring-security-web-6.5.5.jar:6.5.5]
	at org.springframework.web.filter.CompositeFilter$VirtualFilterChain.doFilter(CompositeFilter.java:113) ~[spring-web-6.2.11.jar:6.2.11]
	at org.springframework.web.filter.ServletRequestPathFilter.doFilter(ServletRequestPathFilter.java:52) ~[spring-web-6.2.11.jar:6.2.11]
	at org.springframework.web.filter.CompositeFilter$VirtualFilterChain.doFilter(CompositeFilter.java:113) ~[spring-web-6.2.11.jar:6.2.11]
	at org.springframework.web.filter.CompositeFilter.doFilter(CompositeFilter.java:74) ~[spring-web-6.2.11.jar:6.2.11]
	at org.springframework.security.config.annotation.web.configuration.WebSecurityConfiguration$CompositeFilterChainProxy.doFilter(WebSecurityConfiguration.java:319) ~[spring-security-config-6.5.5.jar:6.5.5]
	at org.springframework.web.filter.CompositeFilter$VirtualFilterChain.doFilter(CompositeFilter.java:113) ~[spring-web-6.2.11.jar:6.2.11]
	at org.springframework.web.servlet.handler.HandlerMappingIntrospector.lambda$createCacheFilter$4(HandlerMappingIntrospector.java:267) ~[spring-webmvc-6.2.11.jar:6.2.11]
	at org.springframework.web.filter.CompositeFilter$VirtualFilterChain.doFilter(CompositeFilter.java:113) ~[spring-web-6.2.11.jar:6.2.11]
	at org.springframework.web.filter.CompositeFilter.doFilter(CompositeFilter.java:74) ~[spring-web-6.2.11.jar:6.2.11]
	at org.springframework.security.config.annotation.web.configuration.WebMvcSecurityConfiguration$CompositeFilterChainProxy.doFilter(WebMvcSecurityConfiguration.java:240) ~[spring-security-config-6.5.5.jar:6.5.5]
	at org.springframework.web.filter.DelegatingFilterProxy.invokeDelegate(DelegatingFilterProxy.java:362) ~[spring-web-6.2.11.jar:6.2.11]
	at org.springframework.web.filter.DelegatingFilterProxy.doFilter(DelegatingFilterProxy.java:278) ~[spring-web-6.2.11.jar:6.2.11]
	at org.apache.catalina.core.ApplicationFilterChain.internalDoFilter(ApplicationFilterChain.java:164) ~[tomcat-embed-core-10.1.46.jar:10.1.46]
	at org.apache.catalina.core.ApplicationFilterChain.doFilter(ApplicationFilterChain.java:140) ~[tomcat-embed-core-10.1.46.jar:10.1.46]
	at org.springframework.web.filter.RequestContextFilter.doFilterInternal(RequestContextFilter.java:100) ~[spring-web-6.2.11.jar:6.2.11]
	at org.springframework.web.filter.OncePerRequestFilter.doFilter(OncePerRequestFilter.java:116) ~[spring-web-6.2.11.jar:6.2.11]
	at org.apache.catalina.core.ApplicationFilterChain.internalDoFilter(ApplicationFilterChain.java:164) ~[tomcat-embed-core-10.1.46.jar:10.1.46]
	at org.apache.catalina.core.ApplicationFilterChain.doFilter(ApplicationFilterChain.java:140) ~[tomcat-embed-core-10.1.46.jar:10.1.46]
	at org.springframework.web.filter.FormContentFilter.doFilterInternal(FormContentFilter.java:93) ~[spring-web-6.2.11.jar:6.2.11]
	at org.springframework.web.filter.OncePerRequestFilter.doFilter(OncePerRequestFilter.java:116) ~[spring-web-6.2.11.jar:6.2.11]
	at org.apache.catalina.core.ApplicationFilterChain.internalDoFilter(ApplicationFilterChain.java:164) ~[tomcat-embed-core-10.1.46.jar:10.1.46]
	at org.apache.catalina.core.ApplicationFilterChain.doFilter(ApplicationFilterChain.java:140) ~[tomcat-embed-core-10.1.46.jar:10.1.46]
	at org.springframework.web.filter.CharacterEncodingFilter.doFilterInternal(CharacterEncodingFilter.java:201) ~[spring-web-6.2.11.jar:6.2.11]
	at org.springframework.web.filter.OncePerRequestFilter.doFilter(OncePerRequestFilter.java:116) ~[spring-web-6.2.11.jar:6.2.11]
	at org.apache.catalina.core.ApplicationFilterChain.internalDoFilter(ApplicationFilterChain.java:164) ~[tomcat-embed-core-10.1.46.jar:10.1.46]
	at org.apache.catalina.core.ApplicationFilterChain.doFilter(ApplicationFilterChain.java:140) ~[tomcat-embed-core-10.1.46.jar:10.1.46]
	at org.apache.catalina.core.StandardWrapperValve.invoke(StandardWrapperValve.java:167) ~[tomcat-embed-core-10.1.46.jar:10.1.46]
	at org.apache.catalina.core.StandardContextValve.invoke(StandardContextValve.java:90) ~[tomcat-embed-core-10.1.46.jar:10.1.46]
	at org.apache.catalina.authenticator.AuthenticatorBase.invoke(AuthenticatorBase.java:483) ~[tomcat-embed-core-10.1.46.jar:10.1.46]
	at org.apache.catalina.core.StandardHostValve.invoke(StandardHostValve.java:116) ~[tomcat-embed-core-10.1.46.jar:10.1.46]
	at org.apache.catalina.valves.ErrorReportValve.invoke(ErrorReportValve.java:93) ~[tomcat-embed-core-10.1.46.jar:10.1.46]
	at org.apache.catalina.core.StandardEngineValve.invoke(StandardEngineValve.java:74) ~[tomcat-embed-core-10.1.46.jar:10.1.46]
	at org.apache.catalina.connector.CoyoteAdapter.service(CoyoteAdapter.java:344) ~[tomcat-embed-core-10.1.46.jar:10.1.46]
	at org.apache.coyote.http11.Http11Processor.service(Http11Processor.java:398) ~[tomcat-embed-core-10.1.46.jar:10.1.46]
	at org.apache.coyote.AbstractProcessorLight.process(AbstractProcessorLight.java:63) ~[tomcat-embed-core-10.1.46.jar:10.1.46]
	at org.apache.coyote.AbstractProtocol$ConnectionHandler.process(AbstractProtocol.java:903) ~[tomcat-embed-core-10.1.46.jar:10.1.46]
	at org.apache.tomcat.util.net.NioEndpoint$SocketProcessor.doRun(NioEndpoint.java:1776) ~[tomcat-embed-core-10.1.46.jar:10.1.46]
	at org.apache.tomcat.util.net.SocketProcessorBase.run(SocketProcessorBase.java:52) ~[tomcat-embed-core-10.1.46.jar:10.1.46]
	at org.apache.tomcat.util.threads.ThreadPoolExecutor.runWorker(ThreadPoolExecutor.java:975) ~[tomcat-embed-core-10.1.46.jar:10.1.46]
	at org.apache.tomcat.util.threads.ThreadPoolExecutor$Worker.run(ThreadPoolExecutor.java:493) ~[tomcat-embed-core-10.1.46.jar:10.1.46]
	at org.apache.tomcat.util.threads.TaskThread$WrappingRunnable.run(TaskThread.java:63) ~[tomcat-embed-core-10.1.46.jar:10.1.46]
	at java.base/java.lang.Thread.run(Thread.java:840) ~[na:na]

2025-12-14T18:10:39.683+09:00 DEBUG 39525 --- [Dishcovery] [http-nio-9191-exec-7] o.s.web.servlet.DispatcherServlet        : "ERROR" dispatch for GET "/error", parameters={}
2025-12-14T18:10:39.683+09:00 DEBUG 39525 --- [Dishcovery] [http-nio-9191-exec-7] s.w.s.m.m.a.RequestMappingHandlerMapping : Mapped to org.springframework.boot.autoconfigure.web.servlet.error.BasicErrorController#errorHtml(HttpServletRequest, HttpServletResponse)
2025-12-14T18:10:39.692+09:00 DEBUG 39525 --- [Dishcovery] [http-nio-9191-exec-7] o.s.w.s.v.ContentNegotiatingViewResolver : Selected 'text/html' given [text/html, text/html;q=0.8]
2025-12-14T18:10:39.695+09:00 DEBUG 39525 --- [Dishcovery] [http-nio-9191-exec-7] o.s.web.servlet.DispatcherServlet        : Exiting from "ERROR" dispatch, status 500
2025-12-14T18:10:42.965+09:00 DEBUG 39525 --- [Dishcovery] [http-nio-9191-exec-4] o.s.web.servlet.DispatcherServlet        : GET "/pageGubun?gubun=recipe", parameters={masked}
2025-12-14T18:10:42.966+09:00 DEBUG 39525 --- [Dishcovery] [http-nio-9191-exec-4] s.w.s.m.m.a.RequestMappingHandlerMapping : Mapped to com.spring.dishcovery.controller.MainController#pageGubun(String, Model, HttpServletRequest)
2025-12-14T18:10:42.973+09:00 DEBUG 39525 --- [Dishcovery] [http-nio-9191-exec-4] c.s.d.m.RecipeAppMapper.getAllRecipes    : ==>  Preparing: SELECT RECIPE_ID ,USER_ID ,CATEGORY_ID ,TITLE ,RCP_DISC ,COOK_TIME ,COOK_DFCT ,RGT_DATE ,UPD_DATE ,IMG_URL ,RECIPE_INGR ,RECIPE_TIP ,RECIPE_TAG ,VIEW_COUNT FROM RECIPE_MASTER ORDER BY RGT_DATE DESC
2025-12-14T18:10:42.974+09:00 DEBUG 39525 --- [Dishcovery] [http-nio-9191-exec-4] c.s.d.m.RecipeAppMapper.getAllRecipes    : ==> Parameters: 
2025-12-14T18:10:42.977+09:00 DEBUG 39525 --- [Dishcovery] [http-nio-9191-exec-4] c.s.d.m.RecipeAppMapper.getAllRecipes    : <==      Total: 3
2025-12-14T18:10:42.979+09:00 DEBUG 39525 --- [Dishcovery] [http-nio-9191-exec-4] o.s.w.s.v.ContentNegotiatingViewResolver : Selected 'text/html' given [text/html, application/xhtml+xml, image/avif, image/webp, image/apng, application/xml;q=0.9, */*;q=0.8, application/signed-exchange;v=b3;q=0.7]
2025-12-14T18:10:42.982+09:00  WARN 39525 --- [Dishcovery] [http-nio-9191-exec-4] actStandardFragmentInsertionTagProcessor : [THYMELEAF][http-nio-9191-exec-4][/mainPage] Deprecated unwrapped fragment expression "fragments/header :: site-header" found in template /mainPage, line 12, col 14. Please use the complete syntax of fragment expressions instead ("~{fragments/header :: site-header}"). The old, unwrapped syntax for fragment expressions will be removed in future versions of Thymeleaf.
2025-12-14T18:10:42.986+09:00 DEBUG 39525 --- [Dishcovery] [http-nio-9191-exec-4] o.s.web.servlet.DispatcherServlet        : Completed 200 OK
2025-12-14T18:10:42.997+09:00 DEBUG 39525 --- [Dishcovery] [http-nio-9191-exec-5] o.s.web.servlet.DispatcherServlet        : GET "/uploads/test2.jpg", parameters={}
2025-12-14T18:10:42.998+09:00 DEBUG 39525 --- [Dishcovery] [http-nio-9191-exec-5] o.s.w.s.handler.SimpleUrlHandlerMapping  : Mapped to ResourceHttpRequestHandler [URL [file:uploads/]]
2025-12-14T18:10:42.999+09:00 DEBUG 39525 --- [Dishcovery] [http-nio-9191-exec-5] o.s.w.s.r.ResourceHttpRequestHandler     : Resource not found
2025-12-14T18:10:42.999+09:00 DEBUG 39525 --- [Dishcovery] [http-nio-9191-exec-5] .w.s.m.s.DefaultHandlerExceptionResolver : Resolved [org.springframework.web.servlet.resource.NoResourceFoundException: No static resource test2.jpg.]
2025-12-14T18:10:42.999+09:00 DEBUG 39525 --- [Dishcovery] [http-nio-9191-exec-5] o.s.web.servlet.DispatcherServlet        : Completed 404 NOT_FOUND
2025-12-14T18:10:42.999+09:00 DEBUG 39525 --- [Dishcovery] [http-nio-9191-exec-1] o.s.web.servlet.DispatcherServlet        : GET "/uploads/test1.jpg", parameters={}
2025-12-14T18:10:42.999+09:00 DEBUG 39525 --- [Dishcovery] [http-nio-9191-exec-9] o.s.web.servlet.DispatcherServlet        : GET "/uploads/test3.jpg", parameters={}
2025-12-14T18:10:43.000+09:00 DEBUG 39525 --- [Dishcovery] [http-nio-9191-exec-1] o.s.w.s.handler.SimpleUrlHandlerMapping  : Mapped to ResourceHttpRequestHandler [URL [file:uploads/]]
2025-12-14T18:10:43.000+09:00 DEBUG 39525 --- [Dishcovery] [http-nio-9191-exec-9] o.s.w.s.handler.SimpleUrlHandlerMapping  : Mapped to ResourceHttpRequestHandler [URL [file:uploads/]]
2025-12-14T18:10:43.000+09:00 DEBUG 39525 --- [Dishcovery] [http-nio-9191-exec-1] o.s.w.s.r.ResourceHttpRequestHandler     : Resource not found
2025-12-14T18:10:43.000+09:00 DEBUG 39525 --- [Dishcovery] [http-nio-9191-exec-9] o.s.w.s.r.ResourceHttpRequestHandler     : Resource not found
2025-12-14T18:10:43.000+09:00 DEBUG 39525 --- [Dishcovery] [http-nio-9191-exec-5] o.s.web.servlet.DispatcherServlet        : "ERROR" dispatch for GET "/error", parameters={}
2025-12-14T18:10:43.000+09:00 DEBUG 39525 --- [Dishcovery] [http-nio-9191-exec-1] .w.s.m.s.DefaultHandlerExceptionResolver : Resolved [org.springframework.web.servlet.resource.NoResourceFoundException: No static resource test1.jpg.]
2025-12-14T18:10:43.000+09:00 DEBUG 39525 --- [Dishcovery] [http-nio-9191-exec-9] .w.s.m.s.DefaultHandlerExceptionResolver : Resolved [org.springframework.web.servlet.resource.NoResourceFoundException: No static resource test3.jpg.]
2025-12-14T18:10:43.000+09:00 DEBUG 39525 --- [Dishcovery] [http-nio-9191-exec-1] o.s.web.servlet.DispatcherServlet        : Completed 404 NOT_FOUND
2025-12-14T18:10:43.000+09:00 DEBUG 39525 --- [Dishcovery] [http-nio-9191-exec-9] o.s.web.servlet.DispatcherServlet        : Completed 404 NOT_FOUND
2025-12-14T18:10:43.000+09:00 DEBUG 39525 --- [Dishcovery] [http-nio-9191-exec-5] s.w.s.m.m.a.RequestMappingHandlerMapping : Mapped to org.springframework.boot.autoconfigure.web.servlet.error.BasicErrorController#error(HttpServletRequest)
2025-12-14T18:10:43.000+09:00 DEBUG 39525 --- [Dishcovery] [http-nio-9191-exec-9] o.s.web.servlet.DispatcherServlet        : "ERROR" dispatch for GET "/error", parameters={}
2025-12-14T18:10:43.000+09:00 DEBUG 39525 --- [Dishcovery] [http-nio-9191-exec-1] o.s.web.servlet.DispatcherServlet        : "ERROR" dispatch for GET "/error", parameters={}
2025-12-14T18:10:43.000+09:00 DEBUG 39525 --- [Dishcovery] [http-nio-9191-exec-1] s.w.s.m.m.a.RequestMappingHandlerMapping : Mapped to org.springframework.boot.autoconfigure.web.servlet.error.BasicErrorController#error(HttpServletRequest)
2025-12-14T18:10:43.000+09:00 DEBUG 39525 --- [Dishcovery] [http-nio-9191-exec-9] s.w.s.m.m.a.RequestMappingHandlerMapping : Mapped to org.springframework.boot.autoconfigure.web.servlet.error.BasicErrorController#error(HttpServletRequest)
2025-12-14T18:10:43.003+09:00 DEBUG 39525 --- [Dishcovery] [http-nio-9191-exec-5] o.s.w.s.m.m.a.HttpEntityMethodProcessor  : Using 'application/json;q=0.8', given [image/avif, image/webp, image/apng, image/svg+xml, image/*, */*;q=0.8] and supported [application/json, application/*+json]
2025-12-14T18:10:43.003+09:00 DEBUG 39525 --- [Dishcovery] [http-nio-9191-exec-1] o.s.w.s.m.m.a.HttpEntityMethodProcessor  : Using 'application/json;q=0.8', given [image/avif, image/webp, image/apng, image/svg+xml, image/*, */*;q=0.8] and supported [application/json, application/*+json]
2025-12-14T18:10:43.003+09:00 DEBUG 39525 --- [Dishcovery] [http-nio-9191-exec-9] o.s.w.s.m.m.a.HttpEntityMethodProcessor  : Using 'application/json;q=0.8', given [image/avif, image/webp, image/apng, image/svg+xml, image/*, */*;q=0.8] and supported [application/json, application/*+json]
2025-12-14T18:10:43.006+09:00 DEBUG 39525 --- [Dishcovery] [http-nio-9191-exec-1] o.s.w.s.m.m.a.HttpEntityMethodProcessor  : Writing [{timestamp=Sun Dec 14 18:10:43 KST 2025, status=404, error=Not Found, trace=org.springframework.web. (truncated)...]
2025-12-14T18:10:43.006+09:00 DEBUG 39525 --- [Dishcovery] [http-nio-9191-exec-5] o.s.w.s.m.m.a.HttpEntityMethodProcessor  : Writing [{timestamp=Sun Dec 14 18:10:43 KST 2025, status=404, error=Not Found, trace=org.springframework.web. (truncated)...]
2025-12-14T18:10:43.006+09:00 DEBUG 39525 --- [Dishcovery] [http-nio-9191-exec-9] o.s.w.s.m.m.a.HttpEntityMethodProcessor  : Writing [{timestamp=Sun Dec 14 18:10:43 KST 2025, status=404, error=Not Found, trace=org.springframework.web. (truncated)...]
2025-12-14T18:10:43.007+09:00 DEBUG 39525 --- [Dishcovery] [http-nio-9191-exec-5] o.s.web.servlet.DispatcherServlet        : Exiting from "ERROR" dispatch, status 404
2025-12-14T18:10:43.007+09:00 DEBUG 39525 --- [Dishcovery] [http-nio-9191-exec-1] o.s.web.servlet.DispatcherServlet        : Exiting from "ERROR" dispatch, status 404
2025-12-14T18:10:43.007+09:00 DEBUG 39525 --- [Dishcovery] [http-nio-9191-exec-9] o.s.web.servlet.DispatcherServlet        : Exiting from "ERROR" dispatch, status 404
2025-12-14T18:33:09.382+09:00  INFO 39525 --- [Dishcovery] [SpringApplicationShutdownHook] o.s.b.w.e.tomcat.GracefulShutdown        : Commencing graceful shutdown. Waiting for active requests to complete
2025-12-14T18:33:09.386+09:00  INFO 39525 --- [Dishcovery] [tomcat-shutdown] o.s.b.w.e.tomcat.GracefulShutdown        : Graceful shutdown complete
2025-12-14T18:33:09.391+09:00  INFO 39525 --- [Dishcovery] [SpringApplicationShutdownHook] com.zaxxer.hikari.HikariDataSource       : HikariPool-1 - Shutdown initiated...
2025-12-14T18:33:09.392+09:00  INFO 39525 --- [Dishcovery] [SpringApplicationShutdownHook] com.zaxxer.hikari.HikariDataSource       : HikariPool-1 - Shutdown completed.
